Timestamp,Left_Pinky,Left_Ring,Left_Middle,Left_Index,Left_Thumb,Right_Thumb,Right_Index,Right_Middle,Right_Ring,Right_Pinky
17:22:14.362,-,-,-,-,-,-,-,-,-,-
17:22:14.475,-,-,-,-,-,-,-,-,-,-
17:22:14.579,-,-,-,-,-,-,-,-,-,-
17:22:14.683,-,-,-,-,-,-,-,-,-,-
17:22:14.790,-,-,-,-,-,-,-,-,-,-
17:22:14.902,-,-,-,-,-,-,-,-,-,-
17:22:15.002,-,-,-,-,-,-,-,-,-,-
17:22:15.108,-,-,-,-,-,-,-,-,-,-
17:22:15.214,-,-,-,-,-,-,-,-,-,-
17:22:15.319,-,-,-,-,-,-,-,-,-,-
17:22:15.426,-,-,-,-,-,-,-,-,-,-
17:22:15.533,-,-,-,-,-,-,-,-,-,-
17:22:15.638,-,-,-,-,-,-,-,-,-,-
17:22:15.745,-,-,-,-,-,-,-,-,-,-
17:22:15.851,-,-,-,-,-,-,-,-,-,-
17:22:15.957,-,-,-,-,-,-,-,-,-,-
17:22:16.063,-,-,-,-,-,-,-,-,-,-
17:22:16.169,-,-,-,-,-,-,-,-,-,-
17:22:16.275,-,-,-,-,-,-,-,-,-,-
17:22:16.382,-,-,-,-,-,-,-,-,-,-
17:22:16.489,-,-,-,-,-,-,-,-,-,-
17:22:16.594,-,-,-,-,-,-,-,-,-,-
17:22:16.701,-,-,-,-,-,-,-,-,-,-
17:22:16.806,-,-,-,-,-,-,-,-,-,-
17:22:16.932,-,-,-,-,-,-,-,-,-,-
17:22:17.038,-,-,-,-,-,-,"[206,8]","[98,92]","[35,95]",-
17:22:17.144,-,-,-,-,-,-,"[335,41]","[233,148]","[161,153]","[71,118]"
17:22:17.252,-,-,-,-,-,-,"[444,50]","[355,172]","[279,185]","[196,154]"
17:22:17.357,-,-,-,-,-,-,"[515,88]","[435,215]","[364,232]","[277,197]"
17:22:17.463,-,-,-,-,-,-,"[540,118]","[468,251]","[397,263]","[307,231]"
17:22:17.571,-,-,-,-,-,-,"[560,120]","[497,253]","[426,270]","[336,238]"
17:22:17.679,-,-,-,-,-,-,"[554,125]","[497,259]","[427,275]","[338,249]"
17:22:17.785,-,-,-,-,-,-,"[558,120]","[502,257]","[431,271]","[344,247]"
17:22:17.891,-,-,-,-,-,-,"[547,115]","[499,252]","[429,266]","[342,243]"
17:22:17.997,-,-,-,-,-,-,"[560,127]","[495,253]","[424,268]","[329,243]"
17:22:18.103,-,-,-,-,-,-,"[511,155]","[417,281]","[339,290]","[236,258]"
17:22:18.207,-,-,-,-,-,-,"[324,144]","[218,268]","[135,279]","[32,238]"
17:22:18.313,-,-,-,-,-,-,"[48,96]",-,-,-
17:22:18.421,-,-,-,-,-,-,-,-,-,-
17:22:18.522,-,-,-,-,-,-,-,-,-,-
17:22:18.627,-,-,-,-,-,-,-,-,-,-
17:22:18.734,-,-,-,-,-,-,-,-,-,-
17:22:18.840,-,-,-,-,-,-,-,-,-,-
17:22:18.946,-,-,-,-,-,-,-,-,-,-
17:22:19.051,-,-,-,-,-,-,-,-,-,-
17:22:19.158,-,-,-,-,-,-,-,-,-,-
17:22:19.265,-,-,-,-,-,-,-,-,-,-
17:22:19.371,-,-,-,-,-,-,-,-,-,-
17:22:19.477,-,-,-,-,-,-,-,-,-,-
17:22:19.601,-,-,-,-,-,"[231,390]","[215,321]","[282,330]","[337,339]","[438,343]"
17:22:19.706,-,-,-,-,-,"[224,363]","[204,292]","[278,310]","[336,323]","[434,320]"
17:22:19.813,-,-,-,-,-,"[220,350]","[198,276]","[276,299]","[329,312]","[425,313]"
17:22:19.919,-,-,-,-,-,"[210,352]","[194,276]","[265,301]","[314,314]","[408,315]"
17:22:20.025,-,-,-,-,-,"[175,357]","[159,275]","[224,301]","[278,316]","[369,309]"
17:22:20.132,-,-,-,-,-,"[174,355]","[148,272]","[224,297]","[281,310]","[374,313]"
17:22:20.238,-,-,-,-,-,"[237,417]","[208,316]","[297,360]","[359,369]","[450,350]"
17:22:20.350,"[417,407]","[403,406]","[394,415]","[376,400]","[387,428]",-,-,-,-,-
17:22:20.455,-,-,-,-,-,-,-,-,-,-
17:22:20.562,-,-,-,-,-,-,-,-,-,-
17:22:20.669,-,-,-,-,-,-,-,-,-,-
17:22:20.778,-,-,-,-,-,-,-,-,-,-
17:22:20.887,-,-,-,-,-,-,-,-,-,-
17:22:20.996,-,-,-,-,-,-,-,-,-,-
17:22:21.105,-,-,-,-,-,-,-,-,-,-
17:22:21.213,-,-,-,-,-,-,-,-,-,-
17:22:21.322,-,-,-,-,-,-,-,-,-,-
17:22:21.431,-,-,-,-,-,-,-,-,-,-
17:22:21.542,-,-,-,-,-,-,-,-,-,-
17:22:21.650,-,-,-,-,-,-,-,-,-,-
17:22:21.756,-,-,-,-,-,-,-,-,-,-
17:22:21.867,-,-,-,-,-,-,-,-,-,-
17:22:21.986,-,-,-,-,-,-,-,-,-,-
17:22:22.087,-,-,-,-,-,"[221,339]","[207,287]","[281,306]","[334,317]","[430,304]"
17:22:22.190,-,-,-,-,-,"[220,354]","[194,276]","[272,312]","[331,321]","[423,315]"
17:22:22.292,-,-,-,-,-,"[202,375]","[156,299]","[260,365]","[313,358]","[398,323]"
17:22:22.395,-,-,-,-,-,"[176,372]","[137,292]","[240,346]","[293,348]","[372,316]"
17:22:22.498,-,-,-,-,-,"[172,352]","[148,281]","[232,317]","[285,323]","[365,291]"
17:22:22.604,-,-,-,-,-,"[223,409]","[184,322]","[290,390]","[345,388]","[427,345]"
17:22:22.704,-,-,-,"[1,307]","[40,408]","[322,427]","[304,340]","[407,420]","[481,423]","[548,393]"
17:22:22.806,-,-,-,"[40,288]",-,"[398,439]","[384,336]","[475,401]","[546,408]","[621,414]"
17:22:22.908,-,-,-,"[23,292]",-,"[420,441]","[400,350]","[513,422]","[584,439]",-
17:22:23.009,-,-,-,"[14,307]",-,-,"[5,329]",-,-,-
17:22:23.110,-,-,-,"[24,334]",-,-,"[24,331]",-,-,-
17:22:23.211,-,-,-,"[63,316]",-,"[392,374]","[359,290]","[447,357]","[513,368]","[598,365]"
17:22:23.311,-,-,-,"[104,308]",-,"[412,402]","[374,314]","[467,385]","[530,390]","[600,383]"
17:22:23.412,-,-,-,"[141,292]",-,"[409,425]","[375,347]","[468,407]","[530,407]","[611,391]"
17:22:23.537,-,-,"[10,213]","[145,288]",-,-,"[135,285]",-,-,-
17:22:23.641,-,-,-,"[76,320]",-,-,"[354,400]","[472,461]","[538,460]","[598,445]"
17:22:23.742,-,-,-,"[57,330]",-,-,"[3,353]",-,-,-
17:22:23.843,-,-,-,"[57,330]",-,-,-,-,-,-
17:22:23.945,-,-,-,-,-,-,-,-,-,-
17:22:24.058,-,-,-,"[3,339]",-,"[284,348]","[248,271]","[347,323]","[403,335]","[493,338]"
17:22:24.159,-,-,-,"[1,329]",-,"[386,435]","[375,334]","[470,421]","[550,429]","[623,435]"
17:22:24.264,-,-,-,"[10,325]",-,"[386,435]","[375,334]","[470,421]","[550,429]","[623,435]"
17:22:24.370,-,-,-,"[14,320]",-,"[386,435]","[375,334]","[470,421]","[550,429]","[623,435]"
17:22:24.476,-,-,-,"[10,322]",-,"[386,435]","[375,334]","[470,421]","[550,429]","[623,435]"
17:22:24.584,-,-,-,"[1,322]",-,"[386,435]","[375,334]","[470,421]","[550,429]","[623,435]"
17:22:24.691,-,-,-,"[3,322]",-,"[386,435]","[375,334]","[470,421]","[550,429]","[623,435]"
17:22:24.797,-,-,-,"[7,324]",-,"[386,435]","[375,334]","[470,421]","[550,429]","[623,435]"
17:22:24.912,-,-,-,-,-,"[330,379]","[297,291]","[393,361]","[453,372]","[549,359]"
17:22:25.013,-,-,-,-,-,-,"[322,347]","[434,446]","[501,442]","[578,426]"
17:22:25.114,-,-,-,-,-,-,"[321,369]","[460,476]","[526,468]","[586,460]"
17:22:25.219,-,-,-,-,-,-,"[321,369]","[460,476]","[526,468]","[586,460]"
17:22:25.327,-,-,-,-,-,-,"[321,369]","[460,476]","[526,468]","[586,460]"
17:22:25.431,-,-,-,-,-,-,"[321,369]","[460,476]","[526,468]","[586,460]"
17:22:25.539,-,-,-,-,-,-,"[321,369]","[460,476]","[526,468]","[586,460]"
17:22:25.647,-,-,-,-,"[62,477]",-,"[321,369]","[460,476]","[526,468]","[586,460]"
17:22:25.754,-,-,-,"[10,333]","[64,477]",-,"[321,369]","[460,476]","[526,468]","[586,460]"
17:22:25.861,-,-,-,"[18,333]","[67,473]",-,"[321,369]","[460,476]","[526,468]","[586,460]"
17:22:25.968,-,-,-,"[18,329]","[67,471]",-,-,-,-,-
17:22:26.075,-,-,-,"[18,329]","[67,471]",-,-,-,-,-
17:22:26.191,-,-,-,"[20,329]","[67,469]",-,-,-,-,-
17:22:26.295,-,-,-,"[9,333]","[45,468]",-,-,-,-,-
17:22:26.416,-,-,-,"[3,346]","[33,474]",-,-,-,-,-
17:22:26.524,-,-,-,"[9,351]",-,-,-,-,-,-
17:22:26.635,-,-,-,"[24,358]",-,-,-,-,-,-
17:22:26.741,-,-,-,"[49,367]",-,-,-,-,-,-
17:22:26.849,-,-,-,"[49,367]",-,-,-,-,-,-
17:22:26.955,-,-,-,"[45,361]",-,-,-,-,-,-
17:22:27.061,-,-,-,"[43,360]",-,-,-,-,-,-
17:22:27.169,-,-,-,"[41,361]",-,-,-,-,-,-
17:22:27.275,-,-,-,"[39,363]",-,-,-,-,-,-
17:22:27.383,-,-,-,"[37,365]",-,-,-,-,-,-
17:22:27.491,-,-,-,"[36,369]",-,-,-,-,-,-
17:22:27.599,-,-,-,"[35,367]",-,-,-,-,-,-
17:22:27.705,-,-,-,"[34,369]",-,-,-,-,-,-
17:22:27.812,-,-,-,"[34,369]",-,-,-,-,-,-
17:22:27.918,-,-,-,"[34,369]",-,-,-,-,-,-
17:22:28.025,-,-,-,"[28,366]",-,-,"[30,367]",-,-,-
17:22:28.134,-,-,-,"[32,367]",-,-,"[30,367]",-,-,-
17:22:28.241,-,-,-,"[22,362]",-,-,"[30,367]",-,-,-
17:22:28.346,-,-,-,"[5,346]",-,-,"[30,367]",-,-,-
17:22:28.470,-,-,-,"[37,330]",-,-,-,-,-,-
17:22:28.576,-,-,-,"[29,327]",-,-,-,-,-,-
17:22:28.692,-,-,-,"[29,330]",-,-,-,-,-,-
17:22:28.795,-,-,-,"[31,328]",-,-,-,-,-,-
17:22:28.915,-,-,-,"[25,329]",-,-,-,-,-,-
17:22:29.023,-,-,-,"[25,327]",-,-,-,-,-,-
17:22:29.139,-,-,-,"[27,325]",-,"[238,344]","[185,274]","[302,340]","[357,348]","[432,333]"
17:22:29.242,-,-,-,"[24,325]",-,"[216,350]","[185,274]","[276,316]","[324,327]","[410,312]"
17:22:29.343,-,-,-,"[24,325]",-,"[192,355]","[155,275]","[252,333]","[306,340]","[380,316]"
17:22:29.445,-,-,-,"[20,325]",-,"[172,357]","[142,276]","[234,326]","[293,335]","[371,322]"
17:22:29.547,-,-,-,"[8,327]",-,"[209,402]","[167,310]","[276,392]","[332,387]","[415,355]"
17:22:29.648,-,-,-,"[5,326]",-,-,"[256,353]","[392,464]","[456,449]","[522,430]"
17:22:29.750,-,-,-,"[3,324]",-,"[332,472]","[323,389]","[420,454]","[483,441]","[545,417]"
17:22:29.854,-,-,-,"[6,320]","[65,477]","[350,455]","[336,385]","[433,448]","[493,435]","[545,431]"
17:22:29.956,-,-,-,"[4,316]","[65,477]","[350,455]","[336,385]","[433,448]","[493,435]","[545,431]"
17:22:30.070,-,-,-,"[10,318]",-,-,-,-,-,-
17:22:30.178,-,-,-,"[12,320]",-,-,-,-,-,-
17:22:30.297,-,-,-,"[6,320]","[67,479]",-,-,-,-,-
17:22:30.404,-,-,-,"[0,320]","[64,479]",-,-,-,-,-
17:22:30.511,-,-,-,-,-,-,-,-,-,-
17:22:30.621,-,-,-,-,-,-,-,-,-,-
17:22:30.726,-,-,-,-,-,-,-,-,-,-
17:22:30.832,-,-,-,-,-,-,-,-,-,-
17:22:30.937,-,-,-,-,-,-,-,-,-,-
17:22:31.045,-,-,-,-,-,-,-,-,-,-
17:22:31.152,-,-,-,-,-,-,-,-,-,-
17:22:31.260,-,-,-,-,-,-,-,-,-,-
17:22:31.365,-,-,-,-,-,-,-,-,-,-
17:22:31.473,-,-,-,-,-,-,-,-,-,-
17:22:31.579,-,-,-,-,-,-,-,-,-,-
17:22:31.688,-,-,-,-,-,-,-,-,-,-
17:22:31.793,-,-,-,-,-,-,-,-,-,-
17:22:31.900,-,-,-,-,-,-,-,-,-,-
17:22:32.016,-,-,-,-,-,"[247,342]","[193,280]","[305,333]","[364,347]","[438,329]"
17:22:32.117,-,-,-,-,-,"[225,355]","[189,276]","[289,333]","[342,337]","[423,318]"
17:22:32.218,-,-,-,-,-,"[205,378]","[158,301]","[273,367]","[324,356]","[407,332]"
17:22:32.320,-,-,-,-,-,"[189,369]","[145,288]","[254,345]","[308,347]","[383,320]"
17:22:32.421,-,-,-,"[0,320]",-,"[185,364]","[144,283]","[247,335]","[302,335]","[376,314]"
17:22:32.523,-,-,-,"[1,316]",-,"[227,427]","[184,326]","[301,400]","[359,395]","[438,352]"
17:22:32.625,-,-,-,-,"[67,475]","[295,472]","[280,339]","[404,446]","[468,432]","[534,399]"
17:22:32.750,-,-,-,"[2,305]","[71,464]",-,"[351,351]","[487,459]","[552,453]","[603,422]"
17:22:32.875,-,-,-,"[8,301]","[76,460]",-,"[373,374]","[510,467]","[572,459]","[627,462]"
17:22:32.987,-,-,-,"[2,305]","[76,462]",-,-,-,-,-
17:22:33.089,-,-,-,"[17,299]","[80,456]",-,-,-,-,-
17:22:33.194,-,-,-,"[57,304]","[101,464]",-,-,-,-,-
17:22:33.306,-,-,-,"[79,296]",-,-,-,-,-,-
17:22:33.409,-,-,-,"[38,306]",-,-,-,-,-,-
17:22:33.516,-,-,-,"[47,289]",-,-,-,-,-,-
17:22:33.627,-,-,-,"[44,299]",-,-,-,-,-,-
17:22:33.739,-,-,-,"[40,319]",-,-,-,-,-,-
17:22:33.859,-,-,-,"[46,317]",-,-,-,-,-,-
17:22:33.963,-,-,-,"[72,314]",-,-,-,-,-,-
17:22:34.078,-,-,-,"[109,306]",-,-,-,-,-,"[14,327]"
17:22:34.180,-,-,"[9,233]","[143,292]",-,-,-,-,-,"[4,290]"
17:22:34.300,-,-,"[35,210]","[161,286]",-,-,"[161,286]","[33,210]",-,-
17:22:34.415,-,-,"[9,233]","[145,292]",-,-,-,-,"[15,240]","[87,318]"
17:22:34.518,-,-,-,"[102,317]",-,-,-,-,-,"[6,320]"
17:22:34.633,-,-,-,"[76,325]",-,-,"[65,331]",-,-,-
17:22:34.749,-,-,-,"[76,325]",-,-,"[50,341]",-,-,-
17:22:34.856,-,-,-,"[45,345]",-,-,"[48,341]",-,-,-
17:22:34.963,-,-,-,"[42,332]",-,-,"[48,341]",-,-,-
17:22:35.071,-,-,-,"[50,330]",-,-,"[50,330]",-,-,-
17:22:35.179,-,-,-,"[52,328]",-,-,"[54,326]",-,-,-
17:22:35.284,-,-,-,"[59,324]",-,-,"[59,326]",-,-,-
17:22:35.393,-,-,-,"[57,324]",-,-,"[56,326]",-,-,-
17:22:35.499,-,-,-,"[50,328]",-,-,"[48,328]",-,-,-
17:22:35.607,-,-,-,"[50,326]",-,-,"[48,328]",-,-,-
17:22:35.713,-,-,-,"[52,326]",-,-,"[54,326]",-,-,-
17:22:35.818,-,-,-,"[54,326]",-,-,"[56,326]",-,-,-
17:22:35.923,-,-,-,"[55,324]",-,-,"[50,326]",-,-,-
17:22:36.028,-,-,-,"[52,326]",-,-,"[50,326]",-,-,-
17:22:36.133,-,-,-,"[48,324]",-,-,"[54,326]",-,-,-
17:22:36.240,-,-,-,"[42,328]",-,-,"[54,326]",-,-,-
17:22:36.346,-,-,-,"[39,334]",-,-,"[54,326]",-,-,-
17:22:36.454,-,-,-,"[41,334]",-,-,"[54,326]",-,-,-
17:22:36.562,-,-,-,"[39,336]",-,-,"[54,326]",-,-,-
17:22:36.669,-,-,-,"[35,338]",-,-,"[54,326]",-,-,-
17:22:36.774,-,-,-,"[39,336]",-,-,"[54,326]",-,-,-
17:22:36.881,-,-,-,"[39,341]",-,-,"[54,326]",-,-,-
17:22:36.988,-,-,-,"[35,339]",-,-,"[54,326]",-,-,-
17:22:37.096,-,-,-,"[31,341]",-,-,"[54,326]",-,-,-
17:22:37.202,-,-,-,"[31,340]",-,-,"[54,326]",-,-,-
17:22:37.310,-,-,-,"[33,341]",-,-,"[54,326]",-,-,-
17:22:37.418,-,-,-,"[31,340]",-,-,"[54,326]",-,-,-
17:22:37.524,-,-,-,"[29,340]",-,-,"[54,326]",-,-,-
17:22:37.632,-,-,-,"[27,332]",-,-,"[54,326]",-,-,-
17:22:37.737,-,-,-,"[35,332]","[62,466]",-,"[54,326]",-,-,-
17:22:37.844,-,-,-,"[33,339]","[65,477]",-,"[54,326]",-,-,-
17:22:37.959,-,-,-,"[44,337]","[69,464]",-,"[54,326]",-,-,-
17:22:38.061,-,-,-,"[56,335]","[88,474]",-,"[54,326]",-,-,-
17:22:38.193,-,-,"[11,263]","[121,337]",-,-,"[54,326]",-,-,-
17:22:38.308,-,-,-,"[99,361]",-,-,-,-,-,"[24,375]"
17:22:38.411,-,-,-,"[58,352]",-,-,-,-,-,"[2,366]"
17:22:38.541,-,-,-,"[35,352]",-,-,-,-,-,"[18,346]"
17:22:38.643,-,-,-,"[26,349]",-,-,-,-,-,"[22,345]"
17:22:38.745,-,-,-,"[28,351]",-,-,-,-,-,"[24,342]"
17:22:38.848,-,-,-,"[30,349]",-,-,-,-,-,"[7,342]"
17:22:38.963,-,-,-,"[22,345]",-,"[176,372]","[152,279]","[244,348]","[302,340]","[369,344]"
17:22:39.065,-,-,-,"[14,349]",-,"[153,354]","[155,277]","[217,316]","[278,321]","[351,335]"
17:22:39.165,-,-,-,"[9,351]",-,"[165,379]","[150,286]","[234,350]","[295,350]","[357,353]"
17:22:39.266,-,-,-,"[7,353]",-,"[172,458]","[170,341]","[244,388]","[306,384]","[372,389]"
17:22:39.366,-,-,-,"[7,351]",-,"[179,447]","[164,345]","[239,377]","[308,386]","[376,396]"
17:22:39.467,-,-,-,"[1,361]",-,-,"[177,364]","[276,441]","[346,435]","[411,427]"
17:22:39.569,-,-,-,-,-,-,"[202,402]","[325,478]","[391,462]","[462,465]"
17:22:39.676,-,-,-,-,-,-,-,-,-,-
17:22:39.782,-,-,-,-,-,-,-,-,-,-
17:22:39.890,-,-,-,-,-,-,-,-,-,-
17:22:39.996,-,-,-,-,-,-,-,-,-,"[2,368]"
17:22:40.105,-,-,-,-,-,-,-,-,-,-
17:22:40.213,-,-,-,-,-,-,-,-,-,-
17:22:40.319,-,-,-,-,-,-,-,-,-,-
17:22:40.427,-,-,-,-,-,-,-,-,-,"[1,350]"
17:22:40.534,-,-,-,-,-,-,-,-,-,"[1,363]"
17:22:40.647,-,-,-,-,-,-,-,-,-,"[1,363]"
17:22:40.753,-,-,-,-,-,-,-,-,-,"[1,363]"
17:22:40.858,-,-,-,-,-,-,-,-,-,"[1,363]"
17:22:40.977,-,-,-,-,-,-,-,-,-,"[1,363]"
17:22:41.082,-,-,-,-,-,-,-,-,-,"[3,344]"
17:22:41.189,-,-,-,-,"[30,365]",-,-,-,-,-
17:22:41.295,-,-,-,"[2,370]","[19,370]",-,-,-,-,-
17:22:41.404,-,-,-,-,-,-,-,-,-,-
17:22:41.504,-,-,-,-,-,-,-,-,-,-
17:22:41.619,-,-,-,-,-,"[163,361]","[142,274]","[215,321]","[276,330]","[345,328]"
17:22:41.724,-,-,-,-,-,"[169,401]","[150,308]","[244,368]","[302,362]","[377,352]"
17:22:41.831,-,-,-,-,-,-,"[162,359]","[243,410]","[314,411]","[379,403]"
17:22:41.939,-,-,-,-,-,-,"[161,369]","[263,434]","[333,423]","[392,399]"
17:22:42.055,"[483,459]","[428,475]",-,"[230,423]",-,-,"[176,396]","[306,457]","[358,438]","[418,423]"
17:22:42.162,-,-,-,-,-,-,"[176,396]","[306,457]","[358,438]","[418,423]"
17:22:42.268,-,-,-,-,"[14,449]",-,-,-,-,-
17:22:42.375,-,-,-,-,"[14,449]",-,-,-,-,-
17:22:42.481,-,-,-,-,"[14,449]",-,-,-,-,-
17:22:42.587,-,-,-,-,"[14,449]",-,-,-,-,-
17:22:42.694,-,-,-,-,"[14,449]",-,-,-,-,-
17:22:42.801,-,-,-,-,"[14,449]",-,-,-,-,-
17:22:42.910,-,-,-,-,"[14,449]",-,-,-,-,-
17:22:43.017,-,-,-,-,"[14,449]",-,-,-,-,-
17:22:43.123,-,-,-,-,"[14,449]",-,-,-,-,-
17:22:43.248,-,-,-,-,-,-,-,-,-,-
17:22:43.355,-,-,-,"[18,312]","[73,460]",-,-,-,-,-
17:22:43.463,-,-,-,"[40,302]","[88,458]",-,-,-,-,-
17:22:43.577,-,-,-,"[17,296]","[73,464]",-,-,-,-,-
17:22:43.687,-,-,-,"[27,290]","[82,460]",-,-,-,-,-
17:22:43.807,-,-,-,"[46,289]","[91,446]",-,-,-,-,-
17:22:43.911,-,-,-,"[40,304]","[93,461]",-,-,-,-,-
17:22:44.014,-,-,-,"[68,314]",-,-,-,-,-,-
17:22:44.130,-,-,"[9,241]","[119,302]",-,-,-,-,-,-
17:22:44.261,-,-,"[25,212]","[144,281]","[153,468]",-,-,-,"[24,231]","[93,312]"
17:22:44.365,-,-,"[0,233]","[124,294]",-,-,-,-,"[0,230]","[89,316]"
17:22:44.479,-,-,-,"[108,334]",-,-,-,-,"[6,265]","[71,333]"
17:22:44.583,-,-,-,"[112,343]",-,-,-,-,-,"[4,387]"
17:22:44.699,-,-,-,"[47,376]","[45,393]",-,-,-,-,"[5,359]"
17:22:44.808,-,-,-,"[28,373]","[15,407]",-,-,-,-,"[5,359]"
17:22:44.915,-,-,-,"[18,364]","[24,384]",-,-,-,-,"[5,359]"
17:22:45.022,-,-,-,"[24,360]","[37,373]",-,-,-,-,"[5,359]"
17:22:45.126,-,-,-,"[24,358]","[38,389]",-,-,-,-,"[5,359]"
17:22:45.233,-,-,-,"[31,349]","[38,432]",-,-,-,-,"[5,359]"
17:22:45.341,-,-,-,"[33,352]","[47,393]",-,-,-,-,"[5,359]"
17:22:45.448,-,-,-,"[28,356]","[45,383]",-,-,-,-,"[5,359]"
17:22:45.555,-,-,-,"[37,350]","[48,463]",-,-,-,-,"[5,359]"
17:22:45.659,-,-,-,"[33,352]","[60,473]",-,-,-,-,"[5,359]"
17:22:45.767,-,-,-,"[30,356]","[76,452]",-,"[26,356]",-,-,-
17:22:45.874,-,-,-,"[13,364]",-,-,"[26,356]",-,-,-
17:22:45.980,-,-,-,"[18,357]",-,-,"[26,356]",-,-,-
17:22:46.085,-,-,-,"[22,355]",-,-,"[26,356]",-,-,-
17:22:46.191,-,-,-,"[30,353]",-,-,"[26,356]",-,-,-
17:22:46.296,-,-,-,"[24,356]",-,-,"[26,356]",-,-,-
17:22:46.403,-,-,-,"[18,355]",-,-,"[26,356]",-,-,-
17:22:46.509,-,-,-,"[16,359]",-,-,"[26,356]",-,-,-
17:22:46.618,-,-,-,"[9,355]",-,-,"[26,356]",-,-,-
17:22:46.724,-,-,-,"[15,353]",-,-,"[26,356]",-,-,-
17:22:46.831,-,-,-,"[9,355]",-,-,"[26,356]",-,-,-
17:22:46.938,-,-,-,-,-,-,"[26,356]",-,-,-
17:22:47.045,-,-,-,-,-,-,"[26,356]",-,-,-
17:22:47.151,-,-,-,-,-,-,"[26,356]",-,-,-
17:22:47.258,-,-,-,-,-,-,"[26,356]",-,-,-
17:22:47.369,-,-,-,-,-,-,"[26,356]",-,-,-
17:22:47.476,-,-,-,-,-,-,-,-,-,-
17:22:47.582,-,-,-,-,-,-,-,-,-,-
17:22:47.689,-,-,-,-,-,-,-,-,-,-
17:22:47.795,-,-,-,-,-,-,-,-,-,-
17:22:47.901,-,-,-,-,-,-,-,-,-,-
17:22:48.009,-,-,-,-,-,-,-,-,-,-
17:22:48.117,-,-,-,-,-,-,-,-,-,-
17:22:48.224,-,-,-,-,-,-,-,-,-,-
17:22:48.330,-,-,-,-,-,-,-,-,-,-
17:22:48.436,-,-,-,-,-,-,-,-,-,-
17:22:48.544,-,-,-,-,-,-,-,-,-,-
17:22:48.650,-,-,-,-,-,-,-,-,-,-
17:22:48.756,-,-,-,-,-,-,-,-,-,-
17:22:48.862,-,-,-,-,-,-,-,-,-,-
17:22:48.970,-,-,-,-,-,-,-,-,-,-
17:22:49.075,-,-,-,-,-,-,-,-,-,-
17:22:49.182,-,-,-,-,-,-,-,-,-,-
17:22:49.289,-,-,-,-,-,-,-,-,-,-
17:22:49.396,-,-,-,-,-,-,-,-,-,-
17:22:49.504,-,-,-,-,-,-,-,-,-,-
17:22:49.610,-,-,-,-,-,-,-,-,-,-
17:22:49.719,-,-,-,-,-,-,-,-,-,-
17:22:49.827,-,-,-,-,-,-,-,-,-,-
17:22:49.932,-,-,-,-,-,-,-,-,-,-
17:22:50.049,-,-,-,-,-,-,-,-,-,-
17:22:50.150,-,-,-,-,-,"[174,357]","[146,274]","[229,332]","[289,339]","[362,324]"
17:22:50.251,-,-,-,-,-,-,-,-,-,-
17:22:50.352,-,-,-,-,-,-,-,-,-,-
17:22:50.452,"[560,476]",-,-,"[298,410]",-,-,-,-,-,-
17:22:50.555,"[526,473]",-,-,"[282,423]",-,-,-,-,-,-
17:22:50.658,"[526,473]",-,-,"[282,423]",-,-,-,-,-,-
17:22:50.764,"[526,473]",-,-,"[282,423]",-,-,-,-,-,-
17:22:50.872,-,-,-,-,-,-,-,-,-,-
17:22:50.977,-,-,-,-,-,-,-,-,-,-
17:22:51.085,-,-,-,-,-,-,-,-,-,-
17:22:51.191,-,-,-,-,-,-,-,-,-,-
17:22:51.299,-,-,-,-,-,-,-,-,-,-
17:22:51.399,-,-,-,-,-,-,-,-,-,-
17:22:51.506,-,-,-,-,-,-,-,-,-,-
17:22:51.611,-,-,-,-,-,-,-,-,-,-
17:22:51.719,-,-,-,-,-,-,-,-,-,-
17:22:51.835,-,-,-,-,-,-,-,-,-,-
17:22:51.945,-,-,-,-,-,-,-,-,-,-
17:22:52.052,-,-,-,-,-,-,-,-,-,-
17:22:52.161,-,-,-,-,-,-,-,-,-,-
17:22:52.268,-,-,-,-,-,-,-,-,-,-
17:22:52.369,-,-,-,-,-,-,-,-,-,-
17:22:52.474,-,-,-,-,-,-,-,-,-,"[2,370]"
17:22:52.579,-,-,-,-,-,-,-,-,-,-
17:22:52.684,-,-,-,-,-,-,-,-,-,-
17:22:52.790,-,-,-,-,-,-,-,-,-,-
17:22:52.897,-,-,-,-,-,-,-,-,-,-
17:22:53.004,-,-,-,-,-,-,-,-,-,-
17:22:53.116,-,-,-,-,-,"[182,394]","[163,312]","[248,371]","[304,369]","[366,356]"
17:22:53.217,-,-,-,-,-,-,-,-,-,-
17:22:53.317,-,-,-,-,-,-,-,-,-,-
17:22:53.419,-,-,-,-,-,-,-,-,-,-
17:22:53.525,-,-,-,-,-,-,-,-,-,-
17:22:53.632,-,-,-,-,-,-,-,-,-,-
17:22:53.740,-,-,-,-,-,-,-,-,-,-
17:22:53.846,-,-,-,-,-,-,-,-,-,-
17:22:53.951,-,-,-,-,-,-,-,-,-,"[0,361]"
17:22:54.057,-,-,-,-,-,-,-,-,-,"[3,355]"
17:22:54.164,-,-,-,"[26,358]","[47,359]",-,-,-,-,-
17:22:54.268,-,-,-,"[77,362]","[96,395]",-,-,-,-,-
17:22:54.383,-,-,"[0,281]","[112,355]",-,-,-,-,-,-
17:22:54.504,-,-,-,"[90,347]",-,-,-,-,-,-
17:22:54.609,-,-,-,"[24,345]",-,-,-,-,-,-
17:22:54.714,-,-,-,-,"[45,474]",-,-,-,-,-
17:22:54.823,-,-,-,-,-,-,-,-,-,-
17:22:54.938,-,-,-,-,-,-,-,-,-,-
17:22:55.040,-,-,-,-,-,-,-,-,-,-
17:22:55.141,-,-,-,-,-,-,-,-,-,-
17:22:55.244,-,-,-,-,-,-,-,-,-,-
17:22:55.344,-,-,-,-,-,-,-,-,-,-
17:22:55.444,-,-,-,-,-,-,-,-,-,-
17:22:55.548,-,-,-,-,-,-,-,-,-,-
17:22:55.651,-,-,-,-,-,"[162,332]","[139,265]","[219,301]","[281,303]","[361,290]"
17:22:55.754,-,-,-,-,-,"[257,375]","[213,307]","[332,374]","[393,354]","[475,342]"
17:22:55.856,-,-,-,-,-,-,-,-,-,-
17:22:55.960,-,-,-,-,-,-,-,-,-,-
17:22:56.070,-,-,-,-,-,-,-,-,-,-
17:22:56.176,-,-,-,-,-,-,-,-,-,-
17:22:56.281,-,-,-,-,-,-,-,-,-,-
17:22:56.389,-,-,-,-,-,-,-,-,-,-
17:22:56.494,-,-,-,-,-,-,-,-,-,-
17:22:56.602,-,-,-,-,-,-,-,-,-,-
17:22:56.708,-,-,-,-,-,-,-,-,-,-
17:22:56.813,-,-,-,-,-,-,-,-,-,"[0,366]"
17:22:56.921,-,-,-,-,-,-,-,-,-,-
17:22:57.036,-,-,"[39,266]","[149,327]","[157,479]",-,-,-,-,-
17:22:57.150,-,"[23,268]","[107,242]","[213,310]","[216,462]",-,"[158,325]","[54,263]",-,-
17:22:57.266,-,"[8,274]","[86,248]","[188,315]","[194,470]","[161,470]","[154,317]","[56,256]",-,-
17:22:57.372,-,-,-,"[58,344]",-,"[161,470]","[154,317]","[56,256]",-,-
17:22:57.494,-,-,-,"[26,345]",-,"[161,470]","[154,317]","[56,256]",-,-
17:22:57.600,-,-,-,"[0,357]","[40,441]","[161,470]","[154,317]","[56,256]",-,-
17:22:57.706,-,-,-,-,-,-,-,-,-,-
17:22:57.812,-,-,-,-,-,-,-,-,-,"[3,352]"
17:22:57.919,-,-,-,"[11,340]",-,-,-,-,-,-
17:22:58.026,-,-,-,-,-,-,-,-,-,-
17:22:58.133,-,-,-,-,-,-,-,-,-,-
17:22:58.241,-,-,-,-,-,-,-,-,-,-
17:22:58.348,-,-,-,-,-,-,-,-,-,-
17:22:58.455,-,-,-,-,-,-,-,-,-,-
17:22:58.562,-,-,-,-,-,-,-,-,-,-
17:22:58.676,-,-,-,-,-,-,-,-,-,-
17:22:58.777,-,-,-,-,-,-,-,-,-,-
17:22:58.879,-,-,-,-,-,-,-,-,-,-
17:22:58.980,-,-,-,-,-,-,-,-,-,-
17:22:59.080,-,-,-,-,-,-,-,-,-,-
17:22:59.181,"[458,435]","[402,449]","[346,455]","[200,387]",-,-,-,-,-,-
17:22:59.306,"[449,457]","[406,464]","[345,479]","[206,407]",-,-,-,-,-,-
17:22:59.418,"[442,448]","[382,443]","[324,463]","[204,420]",-,-,-,-,-,-
17:22:59.524,"[442,448]","[382,443]","[324,463]","[204,420]",-,-,-,-,-,-
17:22:59.630,"[442,448]","[382,443]","[324,463]","[204,420]",-,-,-,-,-,-
17:22:59.735,"[442,448]","[382,443]","[324,463]","[204,420]",-,-,-,-,-,-
17:22:59.840,"[442,448]","[382,443]","[324,463]","[204,420]",-,-,-,-,-,-
17:22:59.945,"[442,448]","[382,443]","[324,463]","[204,420]",-,-,-,-,-,-
17:23:00.053,"[442,448]","[382,443]","[324,463]","[204,420]",-,-,-,-,-,-
17:23:00.159,"[442,448]","[382,443]","[324,463]","[204,420]",-,-,-,-,-,-
17:23:00.265,"[442,448]","[382,443]","[324,463]","[204,420]",-,-,-,-,-,-
17:23:00.370,-,-,-,-,-,-,-,-,-,-
17:23:00.479,-,-,-,-,-,-,-,-,-,-
17:23:00.593,-,-,-,-,-,-,-,-,-,-
17:23:00.695,-,-,-,-,-,-,-,-,-,-
17:23:00.796,-,-,-,-,-,-,-,-,-,-
17:23:00.902,-,-,-,-,-,-,-,-,-,-
17:23:01.009,-,-,-,-,-,-,-,-,-,-
17:23:01.113,-,-,-,-,-,-,-,-,-,-
17:23:01.220,-,-,-,-,-,-,-,-,-,-
17:23:01.325,-,-,-,-,-,-,-,-,-,-
17:23:01.432,-,-,-,-,-,-,-,-,-,-
17:23:01.535,-,-,-,-,-,-,-,-,-,-
17:23:01.641,-,-,-,-,-,-,-,-,-,-
17:23:01.748,-,-,-,-,-,-,-,-,-,-
17:23:01.855,-,-,-,-,-,-,-,-,-,-
17:23:01.959,-,-,-,-,-,-,-,-,-,-
17:23:02.067,-,-,-,-,-,-,-,-,-,-
17:23:02.171,-,-,-,-,-,-,-,-,-,-
17:23:02.276,-,-,-,-,-,-,-,-,-,-
17:23:02.381,-,-,-,-,-,-,-,-,-,-
17:23:02.486,-,-,-,-,-,-,-,-,-,-
17:23:02.593,-,-,-,-,-,-,-,-,-,-
17:23:02.702,-,-,-,-,-,-,-,-,-,-
17:23:02.809,-,-,-,-,-,-,-,-,-,-
17:23:02.920,-,-,-,-,-,-,-,-,-,-
17:23:03.026,-,-,-,-,-,-,-,-,-,-
17:23:03.133,-,-,-,-,-,-,-,-,-,-
17:23:03.239,-,-,-,-,-,-,-,-,-,-
17:23:03.344,-,-,-,-,-,-,-,-,-,-
17:23:03.451,-,-,-,-,-,-,-,-,-,-
17:23:03.558,-,-,-,-,-,-,-,-,-,-
17:23:03.666,-,-,-,-,-,-,-,-,-,-
17:23:03.772,-,-,-,-,-,-,-,-,-,-
17:23:03.878,-,-,-,-,-,-,-,-,-,-
17:23:03.983,-,-,-,-,-,-,-,-,-,-
17:23:04.088,-,-,-,-,-,-,-,-,-,-
17:23:04.199,-,-,-,-,-,-,-,-,-,-
17:23:04.311,-,-,-,-,-,-,-,-,-,-
17:23:04.416,-,-,-,-,-,-,-,-,-,-
17:23:04.543,-,-,-,-,-,-,-,-,-,-
17:23:04.647,-,-,-,-,-,-,-,-,"[1,335]",-
17:23:04.750,-,-,-,-,-,-,-,-,-,-
17:23:04.859,-,-,-,-,-,-,-,-,-,-
17:23:04.964,-,-,-,-,-,-,-,-,-,-
17:23:05.081,-,-,-,-,-,"[361,386]","[378,349]","[412,333]","[496,381]","[535,392]"
17:23:05.182,-,-,-,-,-,-,-,-,-,-
17:23:05.282,-,-,-,-,-,-,-,-,-,-
17:23:05.384,-,-,-,-,-,-,-,-,-,-
17:23:05.487,-,"[613,475]","[563,472]","[408,360]",-,-,-,-,-,-
17:23:05.593,-,-,-,-,-,-,-,-,-,-
17:23:05.698,-,-,-,-,-,-,-,-,-,-
17:23:05.805,-,-,-,-,"[1,431]",-,-,-,-,-
17:23:05.924,"[251,369]","[260,362]","[308,353]","[357,342]","[439,332]",-,-,-,-,-
17:23:06.025,"[251,369]","[260,362]","[308,353]","[357,342]","[439,332]",-,-,-,-,-
17:23:06.125,"[251,369]","[260,362]","[308,353]","[357,342]","[439,332]",-,-,-,-,-
17:23:06.250,-,-,-,-,-,-,-,-,-,-
17:23:06.353,-,-,-,-,-,-,-,-,-,-
17:23:06.468,-,-,-,-,-,"[133,373]","[106,304]","[204,382]","[251,364]","[306,344]"
17:23:06.587,-,-,-,-,-,"[118,374]","[98,299]","[192,375]","[244,360]","[297,346]"
17:23:06.691,-,-,-,-,-,"[111,368]","[94,293]","[185,368]","[236,357]","[293,344]"
17:23:06.797,-,-,-,-,-,"[107,365]","[92,292]","[181,362]","[233,352]","[289,337]"
17:23:06.903,-,-,-,-,-,"[110,348]","[100,280]","[183,346]","[232,335]","[283,321]"
17:23:07.019,-,-,-,-,-,"[111,376]","[83,308]","[178,383]","[229,364]","[286,343]"
17:23:07.142,-,-,-,-,-,"[99,474]","[97,349]","[193,421]","[250,402]","[306,376]"
17:23:07.255,-,-,-,-,-,-,"[118,363]","[203,429]","[261,407]","[316,382]"
17:23:07.356,-,-,-,-,-,-,"[131,384]","[221,442]","[272,420]","[321,383]"
17:23:07.457,-,-,-,-,-,-,"[176,386]","[280,454]","[327,434]","[374,403]"
17:23:07.560,"[517,439]","[465,454]","[409,460]","[303,393]",-,-,"[272,383]","[375,452]","[429,437]","[488,432]"
17:23:07.661,-,-,-,-,-,-,-,-,-,"[435,473]"
17:23:07.774,-,-,-,-,-,-,-,-,-,-
17:23:07.877,-,-,-,-,-,-,-,-,-,-
17:23:07.978,-,-,-,-,-,-,-,-,-,-
17:23:08.081,-,-,-,-,-,-,-,-,-,-
17:23:08.183,-,-,-,-,-,-,-,-,-,-
17:23:08.285,-,-,-,-,-,-,-,-,-,-
17:23:08.386,-,-,-,-,-,-,-,-,-,-
17:23:08.488,-,-,-,-,-,-,-,-,-,-
17:23:08.593,-,-,-,-,-,-,-,-,-,-
17:23:08.697,-,-,-,-,-,-,-,-,-,-
17:23:08.804,-,-,-,-,-,-,-,-,-,-
17:23:08.910,-,-,-,-,-,-,-,-,-,-
17:23:09.016,-,-,-,-,-,-,-,-,-,-
17:23:09.126,-,-,-,-,-,-,-,-,-,-
17:23:09.226,-,-,-,-,-,"[316,314]","[291,237]","[385,314]","[444,318]","[532,310]"
17:23:09.330,-,-,-,-,-,"[275,263]","[248,194]","[348,274]","[402,276]","[476,270]"
17:23:09.437,-,-,-,-,-,"[263,227]","[240,164]","[331,241]","[385,244]","[454,251]"
17:23:09.543,-,-,-,-,-,"[269,229]","[238,157]","[336,234]","[385,238]","[449,258]"
17:23:09.654,-,-,-,-,-,"[307,242]","[288,166]","[375,255]","[429,266]","[504,276]"
17:23:09.760,-,-,-,-,-,"[375,253]","[364,185]","[447,280]","[503,300]","[567,323]"
17:23:09.867,-,-,-,-,-,"[413,256]","[402,191]","[481,286]","[539,301]","[606,327]"
17:23:09.974,-,-,-,-,-,"[422,255]","[408,189]","[487,277]","[539,295]","[598,329]"
17:23:10.082,-,-,-,-,-,"[378,316]","[356,225]","[448,323]","[504,329]","[580,339]"
17:23:10.188,"[487,381]","[453,408]","[427,412]","[390,401]","[339,446]","[378,316]","[356,225]","[448,323]","[504,329]","[580,339]"
17:23:10.303,"[478,382]","[435,383]","[419,400]","[379,403]","[324,461]","[378,316]","[356,225]","[448,323]","[504,329]","[580,339]"
17:23:10.424,-,-,-,-,-,"[378,316]","[356,225]","[448,323]","[504,329]","[580,339]"
17:23:10.538,-,-,-,-,-,"[378,316]","[356,225]","[448,323]","[504,329]","[580,339]"
17:23:10.648,-,-,-,-,-,"[378,316]","[356,225]","[448,323]","[504,329]","[580,339]"
17:23:10.753,-,-,-,-,-,"[378,316]","[356,225]","[448,323]","[504,329]","[580,339]"
17:23:10.858,-,-,-,-,-,-,-,-,-,-
17:23:10.964,-,-,-,-,-,-,-,-,-,-
17:23:11.069,-,-,-,-,-,-,-,-,-,-
17:23:11.184,-,-,-,-,-,"[153,323]","[123,254]","[221,332]","[276,330]","[340,326]"
17:23:11.289,-,-,-,-,-,"[134,311]","[118,230]","[206,316]","[258,313]","[325,307]"
17:23:11.397,-,-,-,-,-,"[124,304]","[117,218]","[206,307]","[254,304]","[318,307]"
17:23:11.510,-,-,-,-,-,"[133,294]","[125,206]","[211,303]","[263,301]","[327,303]"
17:23:11.614,-,-,-,-,-,"[169,291]","[154,217]","[243,302]","[294,301]","[356,310]"
17:23:11.728,-,-,-,-,-,"[241,293]","[230,222]","[303,304]","[360,308]","[430,325]"
17:23:11.841,-,-,-,-,-,"[243,298]","[239,220]","[309,300]","[369,307]","[439,331]"
17:23:11.949,-,-,-,-,-,"[255,300]","[238,227]","[310,307]","[367,307]","[434,322]"
17:23:12.055,-,-,-,-,-,"[304,346]","[284,250]","[362,353]","[406,357]","[502,343]"
17:23:12.162,-,-,-,-,-,"[321,363]","[301,266]","[384,374]","[426,374]","[487,372]"
17:23:12.268,-,-,-,-,-,"[288,397]","[270,310]","[371,407]","[416,400]","[491,386]"
17:23:12.376,-,-,-,-,-,"[244,461]","[233,353]","[329,428]","[383,423]","[464,393]"
17:23:12.482,-,-,-,-,-,"[233,469]","[216,367]","[331,434]","[380,423]","[446,397]"
17:23:12.590,-,-,-,-,-,"[231,474]","[211,367]","[329,443]","[380,430]","[444,406]"
17:23:12.696,-,-,-,-,-,-,"[214,369]","[326,441]","[375,429]","[443,403]"
17:23:12.803,-,-,-,-,-,"[222,458]","[218,367]","[322,429]","[373,421]","[437,408]"
17:23:12.911,-,-,-,-,-,"[225,456]","[227,368]","[322,429]","[371,420]","[439,394]"
17:23:13.016,"[475,418]","[438,457]","[386,466]","[268,396]",-,-,"[235,370]","[360,445]","[414,434]","[470,414]"
17:23:13.123,"[475,418]","[438,457]","[386,466]","[268,396]",-,"[236,456]","[220,361]","[338,437]","[392,417]","[455,393]"
17:23:13.230,"[475,418]","[438,457]","[386,466]","[268,396]",-,"[136,428]","[100,328]","[213,407]","[266,392]","[337,357]"
17:23:13.334,"[117,409]","[116,366]","[121,328]","[76,307]","[229,339]","[82,369]","[47,284]","[161,363]","[214,352]","[269,339]"
17:23:13.440,"[117,409]","[116,366]","[121,328]","[76,307]","[229,339]","[46,328]","[20,253]","[117,333]","[173,326]","[232,324]"
17:23:13.548,"[117,409]","[116,366]","[121,328]","[76,307]","[229,339]","[57,326]","[43,247]","[138,320]","[191,314]","[247,318]"
17:23:13.655,"[117,409]","[116,366]","[121,328]","[76,307]","[229,339]","[145,299]","[136,226]","[219,301]","[274,303]","[340,315]"
17:23:13.761,"[117,409]","[116,366]","[121,328]","[76,307]","[229,339]","[206,285]","[204,210]","[279,285]","[330,285]","[399,299]"
17:23:13.882,"[117,409]","[116,366]","[121,328]","[76,307]","[229,339]","[193,293]","[197,210]","[264,285]","[319,289]","[381,296]"
17:23:13.988,"[117,409]","[116,366]","[121,328]","[76,307]","[229,339]","[172,273]","[186,209]","[237,277]","[290,279]","[350,288]"
17:23:14.096,"[117,409]","[116,366]","[121,328]","[76,307]","[229,339]","[178,276]","[184,209]","[244,278]","[297,282]","[361,293]"
17:23:14.201,"[117,409]","[116,366]","[121,328]","[76,307]","[229,339]","[186,302]","[175,218]","[237,313]","[292,313]","[361,308]"
17:23:14.309,"[117,409]","[116,366]","[121,328]","[76,307]","[229,339]","[167,319]","[151,237]","[219,326]","[274,325]","[349,308]"
17:23:14.416,"[117,409]","[116,366]","[121,328]","[76,307]","[229,339]","[139,307]","[125,219]","[204,314]","[263,309]","[325,309]"
17:23:14.522,"[117,409]","[116,366]","[121,328]","[76,307]","[229,339]","[120,293]","[117,214]","[191,285]","[250,287]","[314,300]"
17:23:14.629,"[117,409]","[116,366]","[121,328]","[76,307]","[229,339]","[141,305]","[121,227]","[202,305]","[259,302]","[329,305]"
17:23:14.734,"[117,409]","[116,366]","[121,328]","[76,307]","[229,339]","[189,393]","[165,306]","[250,391]","[297,382]","[387,348]"
17:23:14.843,"[117,409]","[116,366]","[121,328]","[76,307]","[229,339]","[184,452]","[185,349]","[280,416]","[332,408]","[406,382]"
17:23:14.949,"[117,409]","[116,366]","[121,328]","[76,307]","[229,339]","[197,452]","[200,364]","[291,421]","[340,413]","[410,391]"
17:23:15.056,"[117,409]","[116,366]","[121,328]","[76,307]","[229,339]","[209,451]","[203,358]","[291,419]","[343,415]","[414,391]"
17:23:15.162,"[117,409]","[116,366]","[121,328]","[76,307]","[229,339]",-,"[216,378]","[344,459]","[391,444]","[445,428]"
17:23:15.269,"[457,431]","[415,454]","[366,467]","[231,394]",-,-,"[216,380]","[336,423]","[389,410]","[444,408]"
17:23:15.377,"[445,419]","[391,421]","[353,444]","[226,396]",-,"[268,476]","[278,432]","[360,449]","[400,428]","[447,428]"
17:23:15.483,"[456,436]","[409,435]","[362,449]","[233,395]",-,-,"[235,388]","[357,451]","[407,438]","[461,436]"
17:23:15.593,"[468,443]","[422,452]","[373,465]","[231,392]",-,-,"[231,392]","[351,444]","[396,428]","[450,420]"
17:23:15.700,"[452,426]","[398,439]","[355,453]","[224,388]",-,-,"[220,389]","[338,430]","[389,419]","[445,419]"
17:23:15.807,"[452,426]","[398,439]","[355,453]","[224,388]",-,-,"[218,385]","[331,421]","[378,410]","[441,412]"
17:23:15.914,"[450,426]","[398,435]","[353,455]","[228,397]",-,-,"[224,388]","[336,428]","[381,412]","[441,413]"
17:23:16.020,"[458,440]","[408,454]","[366,467]","[232,405]",-,-,"[228,401]","[344,450]","[393,433]","[448,420]"
17:23:16.126,"[452,442]","[408,451]","[361,460]","[265,431]",-,"[249,466]","[245,410]","[340,433]","[389,424]","[443,424]"
17:23:16.234,"[449,440]","[404,446]","[361,454]","[248,402]",-,-,"[237,397]","[333,428]","[387,423]","[439,419]"
17:23:16.340,"[449,440]","[404,446]","[361,454]","[248,402]",-,"[238,459]","[246,391]","[322,431]","[374,423]","[441,415]"
17:23:16.447,"[472,456]","[431,475]",-,"[250,420]",-,"[264,466]","[245,413]","[344,451]","[396,440]","[456,431]"
17:23:16.552,"[487,473]",-,-,"[264,453]",-,"[264,466]","[245,413]","[344,451]","[396,440]","[456,431]"
17:23:16.662,"[478,472]","[435,479]",-,-,-,"[264,466]","[245,413]","[344,451]","[396,440]","[456,431]"
17:23:16.777,"[478,472]","[435,479]",-,-,-,"[264,466]","[245,413]","[344,451]","[396,440]","[456,431]"
17:23:16.885,"[478,472]","[435,479]",-,-,-,"[264,466]","[245,413]","[344,451]","[396,440]","[456,431]"
17:23:16.989,"[478,472]","[435,479]",-,-,-,"[264,466]","[245,413]","[344,451]","[396,440]","[456,431]"
17:23:17.091,"[478,472]","[435,479]",-,-,-,-,-,-,-,-
17:23:17.196,"[478,472]","[435,479]",-,-,-,"[192,329]","[167,275]","[252,336]","[307,324]","[378,323]"
17:23:17.303,"[478,472]","[435,479]",-,-,-,"[145,299]","[127,227]","[211,307]","[267,301]","[330,299]"
17:23:17.408,"[478,472]","[435,479]",-,-,-,"[128,280]","[115,203]","[192,274]","[248,269]","[314,275]"
17:23:17.526,"[478,472]","[435,479]",-,-,-,"[152,305]","[130,215]","[208,314]","[261,307]","[323,301]"
17:23:17.631,"[478,472]","[435,479]",-,-,-,"[218,347]","[201,263]","[268,361]","[321,361]","[388,354]"
17:23:17.740,"[478,472]","[435,479]",-,-,-,"[191,313]","[177,229]","[249,344]","[300,342]","[358,337]"
17:23:17.844,"[478,472]","[435,479]",-,-,-,"[178,297]","[171,207]","[245,326]","[293,326]","[349,321]"
17:23:17.950,"[478,472]","[435,479]",-,-,-,"[204,290]","[195,212]","[269,323]","[316,323]","[372,322]"
17:23:18.057,"[478,472]","[435,479]",-,-,-,"[265,292]","[269,216]","[327,329]","[376,336]","[434,338]"
17:23:18.166,"[478,472]","[435,479]",-,-,-,"[299,299]","[303,215]","[353,328]","[403,335]","[470,348]"
17:23:18.272,"[478,472]","[435,479]",-,-,-,"[294,313]","[300,224]","[347,330]","[398,335]","[466,344]"
17:23:18.380,"[478,472]","[435,479]",-,-,-,"[285,399]","[268,309]","[345,413]","[394,408]","[455,384]"
17:23:18.502,"[478,472]","[435,479]",-,-,-,"[262,438]","[247,355]","[338,437]","[394,426]","[457,413]"
17:23:18.620,-,-,-,-,-,"[261,425]","[240,360]","[342,437]","[396,431]","[452,417]"
17:23:18.721,-,-,-,-,-,"[257,460]","[237,370]","[344,448]","[393,433]","[450,422]"
17:23:18.821,-,-,-,-,-,"[254,444]","[238,362]","[333,437]","[385,426]","[437,414]"
17:23:18.922,-,-,-,-,-,"[258,426]","[238,359]","[325,427]","[378,419]","[432,401]"
17:23:19.027,-,-,-,-,-,"[260,457]","[233,379]","[359,445]","[403,427]","[457,431]"
17:23:19.134,"[336,421]","[373,463]","[370,470]","[350,453]","[360,433]","[281,476]","[242,386]","[386,464]","[435,452]","[483,444]"
17:23:19.249,-,-,-,-,-,"[239,424]","[207,356]","[320,432]","[374,416]","[430,407]"
17:23:19.350,-,-,-,-,-,"[180,394]","[158,330]","[257,407]","[310,389]","[366,367]"
17:23:19.451,-,-,-,-,-,"[176,383]","[151,314]","[242,390]","[292,372]","[351,342]"
17:23:19.551,-,-,-,-,-,"[168,379]","[149,308]","[233,379]","[286,364]","[344,337]"
17:23:19.656,-,-,-,-,-,"[166,370]","[156,314]","[235,383]","[288,368]","[348,350]"
17:23:19.763,-,-,-,-,-,"[185,386]","[169,324]","[259,396]","[306,382]","[364,358]"
17:23:19.872,-,-,-,-,-,"[193,389]","[166,330]","[259,404]","[306,387]","[362,360]"
17:23:19.986,-,-,-,-,-,"[189,397]","[160,336]","[256,404]","[305,389]","[361,367]"
17:23:20.090,-,-,-,-,-,"[198,402]","[173,333]","[267,405]","[316,393]","[375,361]"
17:23:20.195,-,-,-,-,-,"[213,413]","[192,336]","[283,408]","[336,399]","[395,384]"
17:23:20.309,-,-,-,-,-,"[223,420]","[207,343]","[298,413]","[347,404]","[410,387]"
17:23:20.423,-,-,-,-,-,"[316,387]","[323,307]","[387,397]","[448,393]","[508,386]"
17:23:20.539,-,-,-,-,-,"[520,330]","[523,253]","[554,368]","[604,393]",-
17:23:20.652,-,-,-,-,-,"[558,296]","[551,234]","[594,345]","[635,358]",-
17:23:20.756,-,-,-,-,-,"[531,346]","[531,261]","[581,387]","[620,403]",-
17:23:20.858,-,-,-,-,-,"[489,394]","[483,291]","[561,423]","[614,432]",-
17:23:20.964,-,-,-,-,-,"[489,394]","[483,291]","[561,423]","[614,432]",-
17:23:21.077,-,-,-,-,-,"[489,394]","[483,291]","[561,423]","[614,432]",-
17:23:21.182,-,-,-,-,-,"[489,394]","[483,291]","[561,423]","[614,432]",-
17:23:21.299,-,-,-,-,-,"[489,394]","[483,291]","[561,423]","[614,432]",-
17:23:21.433,-,-,-,-,-,"[210,341]","[180,297]","[253,344]","[309,344]","[378,340]"
17:23:21.549,-,-,-,-,-,"[157,286]","[148,246]","[221,303]","[274,297]","[336,288]"
17:23:21.654,-,-,-,-,-,"[122,262]","[119,201]","[192,272]","[244,269]","[306,264]"
17:23:21.759,-,-,-,-,-,"[158,288]","[137,202]","[224,304]","[274,297]","[334,285]"
17:23:21.867,-,-,-,-,-,"[229,354]","[209,276]","[275,365]","[330,363]","[400,355]"
17:23:21.981,-,-,-,-,-,"[197,322]","[183,245]","[257,358]","[306,355]","[366,345]"
17:23:22.082,-,-,-,-,-,"[185,298]","[175,214]","[249,335]","[298,333]","[353,326]"
17:23:22.183,-,-,-,-,-,"[197,294]","[188,210]","[260,329]","[305,327]","[360,329]"
17:23:22.287,-,-,-,-,-,"[268,287]","[265,223]","[316,333]","[367,338]","[425,344]"
17:23:22.396,-,-,-,-,-,"[296,295]","[294,219]","[342,330]","[395,343]","[458,352]"
17:23:22.508,-,-,-,-,-,"[320,347]","[303,273]","[377,385]","[419,380]","[476,369]"
17:23:22.609,-,-,-,-,-,"[305,415]","[286,357]","[347,426]","[389,428]","[461,409]"
17:23:22.723,"[307,415]","[357,449]","[395,477]","[403,475]","[429,428]",-,-,-,-,-
17:23:22.845,-,-,-,-,-,"[462,452]","[473,475]","[421,474]","[383,472]","[244,393]"
17:23:22.946,-,-,-,-,-,"[462,452]","[473,475]","[421,474]","[383,472]","[244,393]"
17:23:23.073,-,-,-,-,-,"[462,452]","[473,475]","[421,474]","[383,472]","[244,393]"
17:23:23.178,-,-,-,-,-,"[462,452]","[473,475]","[421,474]","[383,472]","[244,393]"
17:23:23.293,-,-,-,-,-,"[462,452]","[473,475]","[421,474]","[383,472]","[244,393]"
17:23:23.393,-,-,-,-,-,"[462,452]","[473,475]","[421,474]","[383,472]","[244,393]"
17:23:23.512,-,-,-,-,-,"[462,452]","[473,475]","[421,474]","[383,472]","[244,393]"
17:23:23.620,-,-,-,-,-,"[462,452]","[473,475]","[421,474]","[383,472]","[244,393]"
17:23:23.736,-,-,-,-,-,"[168,334]","[137,265]","[231,357]","[280,345]","[342,325]"
17:23:23.841,-,-,-,-,-,"[145,303]","[116,227]","[193,318]","[246,307]","[308,287]"
17:23:23.956,-,-,-,-,-,"[139,290]","[112,210]","[200,309]","[252,300]","[306,278]"
17:23:24.059,-,-,-,-,-,"[139,278]","[128,199]","[206,294]","[253,287]","[312,269]"
17:23:24.160,-,-,-,-,-,"[139,274]","[123,203]","[208,305]","[255,293]","[310,271]"
17:23:24.285,-,-,-,-,-,"[117,330]","[123,328]","[198,365]","[247,353]","[304,329]"
17:23:24.388,-,-,-,-,-,"[120,385]","[104,319]","[208,404]","[253,389]","[303,369]"
17:23:24.505,-,-,-,-,-,"[208,394]","[186,326]","[269,414]","[320,405]","[374,385]"
17:23:24.606,"[493,406]","[429,428]","[384,432]","[300,311]","[301,395]","[395,364]","[397,283]","[450,406]","[502,415]","[566,420]"
17:23:24.718,-,-,-,-,-,"[463,339]","[466,256]","[515,375]","[556,388]","[608,409]"
17:23:24.829,-,-,-,-,-,"[493,329]","[500,244]","[545,365]","[597,386]",-
17:23:24.931,-,-,-,-,-,"[509,327]","[518,244]","[567,368]","[627,391]",-
17:23:25.036,-,-,-,-,-,"[516,328]","[516,244]","[560,368]","[620,386]",-
17:23:25.142,-,-,-,-,-,"[514,328]","[520,244]","[565,368]","[623,385]",-
17:23:25.249,-,-,-,-,-,"[502,318]","[513,242]","[564,343]","[632,364]",-
17:23:25.363,-,-,"[2,148]","[76,233]","[69,259]","[499,343]","[507,251]","[570,357]","[630,376]",-
17:23:25.474,-,-,-,"[1,206]",-,"[476,392]","[481,284]","[559,404]","[628,423]",-
17:23:25.586,-,-,"[22,130]","[130,203]","[40,312]","[399,410]","[392,321]","[470,414]","[529,419]","[598,424]"
17:23:25.711,-,-,-,"[9,241]","[33,450]","[317,453]","[319,356]","[432,437]","[491,430]","[561,425]"
17:23:25.813,-,-,-,"[3,241]","[8,435]","[342,423]","[318,340]","[443,437]","[500,433]","[563,431]"
17:23:25.915,-,-,-,"[26,253]","[23,432]","[336,417]","[320,334]","[430,403]","[489,406]","[557,420]"
17:23:26.040,-,-,-,"[58,261]","[36,430]","[367,427]","[357,344]","[465,450]","[524,439]","[586,428]"
17:23:26.141,-,-,-,"[70,274]","[40,441]","[394,421]","[380,331]","[486,426]","[556,433]","[603,431]"
17:23:26.244,-,-,-,"[38,275]","[22,442]","[351,419]","[338,325]","[466,431]","[532,430]","[587,424]"
17:23:26.344,-,-,-,"[2,268]",-,"[228,427]","[204,321]","[336,421]","[396,406]","[458,389]"
17:23:26.446,-,-,-,"[5,254]",-,"[130,423]","[107,293]","[239,388]","[290,386]","[361,366]"
17:23:26.548,-,-,-,"[4,257]",-,"[105,389]","[88,268]","[207,354]","[266,356]","[328,358]"
17:23:26.648,-,-,-,"[4,259]",-,"[111,372]","[92,260]","[207,351]","[262,352]","[328,350]"
17:23:26.749,-,-,-,"[2,255]",-,"[194,351]","[183,262]","[284,363]","[339,364]","[408,368]"
17:23:26.851,-,-,-,"[5,254]",-,"[327,332]","[324,245]","[411,337]","[467,366]","[532,392]"
17:23:26.954,"[402,337]","[454,334]","[504,336]","[549,349]","[637,380]","[371,324]","[373,244]","[463,335]","[520,360]","[583,401]"
17:23:27.079,"[393,339]","[409,265]","[480,320]","[534,354]","[638,389]","[371,324]","[373,244]","[463,335]","[520,360]","[583,401]"
17:23:27.183,-,-,-,-,-,"[287,403]","[276,316]","[368,396]","[426,396]","[512,380]"
17:23:27.284,-,-,-,-,-,"[242,444]","[234,339]","[347,419]","[405,413]","[494,395]"
17:23:27.385,-,-,-,-,-,"[236,426]","[225,334]","[323,398]","[376,400]","[473,376]"
17:23:27.487,-,-,-,-,-,"[232,432]","[221,336]","[323,400]","[379,401]","[462,375]"
17:23:27.611,-,-,-,-,-,"[241,404]","[221,337]","[318,400]","[370,398]","[458,377]"
17:23:27.713,-,-,-,-,-,"[235,386]","[214,332]","[306,384]","[357,384]","[433,363]"
17:23:27.814,-,-,-,-,-,"[180,322]","[172,266]","[248,307]","[303,315]","[378,305]"
17:23:27.916,-,-,-,-,-,"[152,285]","[128,197]","[217,281]","[275,276]","[355,268]"
17:23:28.041,-,-,-,-,-,"[275,361]","[253,271]","[335,372]","[388,368]","[491,343]"
17:23:28.144,-,-,-,-,-,"[352,399]","[336,305]","[437,401]","[487,399]","[576,392]"
17:23:28.245,-,-,-,-,-,"[353,426]","[331,338]","[456,442]","[513,431]","[575,412]"
17:23:28.345,-,-,-,-,-,"[337,455]","[313,362]","[441,435]","[495,421]","[552,418]"
17:23:28.447,-,-,-,-,-,-,"[325,378]","[456,465]","[506,452]","[551,445]"
17:23:28.549,-,-,-,-,-,"[344,442]","[319,363]","[447,439]","[508,436]","[552,424]"
17:23:28.650,-,-,-,-,-,"[339,466]","[326,359]","[454,449]","[515,440]","[561,423]"
17:23:28.752,"[579,435]","[536,451]","[476,455]","[346,377]","[353,466]","[360,447]","[344,373]","[465,445]","[525,437]","[575,427]"
17:23:28.852,-,-,-,-,-,"[346,470]","[325,399]","[455,462]","[501,451]","[549,440]"
17:23:28.953,"[579,473]",-,-,"[336,419]",-,"[346,470]","[325,399]","[455,462]","[501,451]","[549,440]"
17:23:29.055,-,-,-,-,-,"[346,470]","[325,399]","[455,462]","[501,451]","[549,440]"
17:23:29.163,-,-,-,-,-,"[346,470]","[325,399]","[455,462]","[501,451]","[549,440]"
17:23:29.269,-,-,-,-,-,"[346,470]","[325,399]","[455,462]","[501,451]","[549,440]"
17:23:29.375,-,-,-,-,-,"[346,470]","[325,399]","[455,462]","[501,451]","[549,440]"
17:23:29.482,-,-,-,-,-,"[346,470]","[325,399]","[455,462]","[501,451]","[549,440]"
17:23:29.589,-,-,-,-,-,"[346,470]","[325,399]","[455,462]","[501,451]","[549,440]"
17:23:29.696,-,-,-,-,-,"[346,470]","[325,399]","[455,462]","[501,451]","[549,440]"
17:23:29.802,-,-,-,-,-,"[346,470]","[325,399]","[455,462]","[501,451]","[549,440]"
17:23:29.909,-,-,-,-,-,"[346,470]","[325,399]","[455,462]","[501,451]","[549,440]"
17:23:30.015,-,-,-,-,-,"[346,470]","[325,399]","[455,462]","[501,451]","[549,440]"
17:23:30.123,-,-,-,-,-,"[346,470]","[325,399]","[455,462]","[501,451]","[549,440]"
17:23:30.228,-,-,-,-,-,"[346,470]","[325,399]","[455,462]","[501,451]","[549,440]"
17:23:30.332,-,-,-,-,-,"[346,470]","[325,399]","[455,462]","[501,451]","[549,440]"
17:23:30.438,-,-,-,-,-,"[346,470]","[325,399]","[455,462]","[501,451]","[549,440]"
17:23:30.546,-,-,-,-,-,"[346,470]","[325,399]","[455,462]","[501,451]","[549,440]"
17:23:30.652,-,-,-,-,-,"[346,470]","[325,399]","[455,462]","[501,451]","[549,440]"
17:23:30.757,-,-,-,-,-,"[346,470]","[325,399]","[455,462]","[501,451]","[549,440]"
17:23:30.863,-,-,-,-,-,"[346,470]","[325,399]","[455,462]","[501,451]","[549,440]"
17:23:30.968,-,-,-,"[36,273]","[16,357]","[346,470]","[325,399]","[455,462]","[501,451]","[549,440]"
17:23:31.074,-,-,-,"[6,283]",-,"[346,470]","[325,399]","[455,462]","[501,451]","[549,440]"
17:23:31.179,-,-,-,-,-,"[346,470]","[325,399]","[455,462]","[501,451]","[549,440]"
17:23:31.289,-,-,-,-,-,"[111,379]","[85,279]","[198,364]","[255,360]","[324,338]"
17:23:31.391,-,-,-,-,-,"[97,350]","[79,264]","[179,344]","[232,341]","[303,324]"
17:23:31.496,-,-,-,-,-,"[130,335]","[110,251]","[216,328]","[267,330]","[338,326]"
17:23:31.598,-,-,-,-,-,"[217,312]","[199,232]","[294,313]","[351,321]","[427,327]"
17:23:31.699,-,-,-,-,-,"[239,308]","[219,224]","[318,300]","[371,316]","[464,315]"
17:23:31.803,-,-,-,-,-,"[267,352]","[245,251]","[330,365]","[391,363]","[483,354]"
17:23:31.904,-,-,-,-,-,"[326,465]","[315,329]","[416,443]","[472,432]","[582,424]"
17:23:32.008,-,-,-,-,-,"[326,465]","[315,329]","[416,443]","[472,432]","[582,424]"
17:23:32.114,-,-,-,-,-,"[326,465]","[315,329]","[416,443]","[472,432]","[582,424]"
17:23:32.230,-,-,-,-,-,"[326,465]","[315,329]","[416,443]","[472,432]","[582,424]"
17:23:32.338,-,-,-,-,-,"[326,465]","[315,329]","[416,443]","[472,432]","[582,424]"
17:23:32.446,-,-,-,-,-,"[326,465]","[315,329]","[416,443]","[472,432]","[582,424]"
17:23:32.554,-,-,-,-,-,"[326,465]","[315,329]","[416,443]","[472,432]","[582,424]"
17:23:32.661,-,-,-,-,-,"[326,465]","[315,329]","[416,443]","[472,432]","[582,424]"
17:23:32.766,-,-,-,-,-,"[326,465]","[315,329]","[416,443]","[472,432]","[582,424]"
17:23:32.872,-,-,-,-,-,"[326,465]","[315,329]","[416,443]","[472,432]","[582,424]"
17:23:32.978,-,-,-,-,-,"[326,465]","[315,329]","[416,443]","[472,432]","[582,424]"
17:23:33.086,-,-,-,-,-,"[326,465]","[315,329]","[416,443]","[472,432]","[582,424]"
17:23:33.195,-,-,-,-,-,"[326,465]","[315,329]","[416,443]","[472,432]","[582,424]"
17:23:33.303,-,-,-,-,-,"[326,465]","[315,329]","[416,443]","[472,432]","[582,424]"
17:23:33.414,-,-,-,-,-,"[326,465]","[315,329]","[416,443]","[472,432]","[582,424]"
17:23:33.523,-,-,-,-,-,"[326,465]","[315,329]","[416,443]","[472,432]","[582,424]"
17:23:33.630,-,-,-,-,-,"[326,465]","[315,329]","[416,443]","[472,432]","[582,424]"
17:23:33.735,-,-,-,-,-,"[326,465]","[315,329]","[416,443]","[472,432]","[582,424]"
17:23:33.842,-,-,-,-,-,"[326,465]","[315,329]","[416,443]","[472,432]","[582,424]"
17:23:33.949,-,-,-,-,-,"[326,465]","[315,329]","[416,443]","[472,432]","[582,424]"
17:23:34.054,-,-,-,-,-,"[326,465]","[315,329]","[416,443]","[472,432]","[582,424]"
17:23:34.162,-,-,-,-,-,-,-,-,-,-
17:23:34.271,-,-,-,-,-,-,-,-,-,-
17:23:34.376,-,-,-,-,-,-,-,-,-,-
17:23:34.482,-,-,-,-,-,-,-,-,-,-
17:23:34.587,-,-,-,-,-,-,-,-,-,-
17:23:34.694,-,-,-,-,-,-,-,-,-,-
17:23:34.800,-,-,-,-,-,-,-,-,-,-
17:23:34.911,-,-,-,-,-,-,-,-,-,-
17:23:35.012,-,-,-,-,-,-,-,-,-,-
17:23:35.118,-,-,-,-,-,-,-,-,-,-
17:23:35.225,-,-,-,-,-,-,-,-,-,-
17:23:35.350,-,-,-,-,-,-,-,-,-,-
17:23:35.458,-,-,-,-,-,-,-,-,-,-
17:23:35.564,-,-,-,-,-,-,-,-,-,-
17:23:35.670,-,-,-,-,-,-,-,-,-,-
17:23:35.777,-,-,-,-,-,-,-,-,-,-
17:23:35.882,-,-,-,-,-,-,-,-,-,-
17:23:35.987,-,-,-,-,-,-,-,-,-,-
17:23:36.093,-,-,-,-,-,-,-,-,-,-
17:23:36.199,-,-,-,-,-,-,-,-,-,-
17:23:36.303,-,-,-,-,-,-,-,-,-,-
17:23:36.410,-,-,-,-,-,-,-,-,-,-
17:23:36.516,-,-,-,-,-,-,-,-,-,-
17:23:36.623,-,-,-,-,-,-,-,-,-,-
17:23:36.729,-,-,-,-,-,-,-,-,-,-
17:23:36.837,-,-,-,-,-,-,-,-,-,-
17:23:36.944,-,-,-,-,-,-,-,-,-,-
17:23:37.048,-,-,-,-,-,-,-,-,-,-
17:23:37.157,-,-,-,-,-,-,-,-,-,-
17:23:37.265,-,-,-,-,-,-,-,-,-,-
17:23:37.371,-,-,-,-,-,-,-,-,-,-
17:23:37.478,-,-,-,-,-,-,-,-,-,-
17:23:37.586,-,-,-,-,-,-,-,-,-,-
17:23:37.693,-,-,-,-,-,-,-,-,-,-
17:23:37.800,-,-,-,-,-,-,-,-,-,-
17:23:37.913,-,-,-,-,-,-,-,-,-,-
17:23:38.021,-,-,-,-,-,-,-,-,-,-
17:23:38.127,-,-,-,-,-,-,-,-,-,-
17:23:38.233,-,-,-,-,-,-,-,-,-,-
17:23:38.340,-,-,-,-,-,-,-,-,-,-
17:23:38.446,-,-,-,-,-,-,-,-,-,-
17:23:38.553,-,-,-,-,-,-,-,-,-,-
17:23:38.661,-,-,-,-,-,-,-,-,-,-
17:23:38.766,-,-,-,-,-,-,-,-,-,-
17:23:38.877,-,-,-,-,-,-,-,-,-,-
17:23:38.984,-,-,-,-,-,-,-,-,-,-
17:23:39.089,-,-,-,-,-,-,-,-,-,-
17:23:39.196,-,-,-,-,-,-,-,-,-,-
17:23:39.302,-,-,-,-,-,-,-,-,-,-
17:23:39.409,-,-,-,-,-,-,-,-,-,-
17:23:39.515,-,-,-,-,-,-,-,-,-,-
17:23:39.623,-,-,-,-,-,-,-,-,-,-
17:23:39.731,-,-,-,-,-,-,-,-,-,-
17:23:39.838,-,-,-,-,-,-,-,-,-,-
17:23:39.947,-,-,-,-,-,-,-,-,-,-
17:23:40.053,-,-,-,-,-,-,-,-,-,-
17:23:40.161,-,-,-,-,-,-,-,-,-,-
17:23:40.268,-,-,-,-,-,-,-,-,-,-
17:23:40.376,-,-,-,-,-,-,-,-,-,-
17:23:40.485,-,-,-,-,-,-,-,-,-,-
17:23:40.595,-,-,-,-,-,-,-,-,-,-
