Time,Trial Num,Target,Type,StartX,StartY,EndX,EndY,ProjectedX,ProjectedY,StartKey,ProjectedKey
14:18:20.924,0,companies announce a merger,tap,263.63,195.32,,,,,C,
14:18:21.057,0,companies announce a merger,tap,711.07,39.87,,,,,O,
14:18:21.249,0,companies announce a merger,tap,580.83,184.81,,,,,M,
14:18:22.783,0,companies announce a merger,swipe,776.89,34.97,686.56,60.18,545.73,99.48,P,J
14:18:24.001,0,companies announce a merger,swipe,505.21,219.12,540.92,142.80,606.92,1.74,N,I
14:18:24.601,0,companies announce a merger,swipe,192.21,55.97,145.30,136.50,84.99,240.00,E,
14:18:27.853,0,companies announce a merger,tap,280.44,182.71,,,,,C,
14:18:27.995,0,companies announce a merger,tap,682.36,44.07,,,,,O,
14:18:28.153,0,companies announce a merger,tap,579.43,185.51,,,,,M,
14:18:28.712,0,companies announce a merger,tap,761.49,34.27,,,,,P,
14:18:29.179,0,companies announce a merger,tap,55.67,127.40,,,,,A,
14:18:29.587,0,companies announce a merger,swipe,498.91,205.82,517.11,175.01,620.53,0.00,N,I
14:18:30.112,0,companies announce a merger,swipe,202.01,38.47,162.80,90.98,58.42,230.78,E,
14:18:31.447,0,companies announce a merger,tap,66.87,118.29,,,,,A,
14:18:31.730,0,companies announce a merger,tap,510.81,203.72,,,,,N,
14:18:31.872,0,companies announce a merger,tap,519.21,193.92,,,,,N,
14:18:32.472,0,companies announce a merger,swipe,715.27,26.56,604.64,30.77,475.45,35.67,O,Y
14:18:34.056,0,companies announce a merger,swipe,510.81,207.22,479.30,186.91,309.07,77.21,N,R
14:18:35.540,0,companies announce a merger,swipe,275.54,200.92,254.53,96.59,235.08,0.00,C,E
14:18:37.367,0,companies announce a merger,tap,67.57,132.30,,,,,A,
14:18:37.534,0,companies announce a merger,tap,508.71,194.62,,,,,N,
14:18:37.667,0,companies announce a merger,tap,512.21,191.12,,,,,N,
14:18:38.000,0,companies announce a merger,tap,711.77,34.27,,,,,O,
14:18:38.275,0,companies announce a merger,tap,513.61,48.97,,,,,U,
14:18:39.451,0,companies announce a merger,swipe,516.41,198.12,446.39,201.62,276.71,210.10,N,C
14:18:40.268,0,companies announce a merger,swipe,259.43,207.22,225.82,128.80,170.62,0.00,C,E
14:18:44.871,0,companies announce a merger,tap,60.57,134.40,,,,,A,
14:18:45.221,0,companies announce a merger,tap,517.11,196.72,,,,,N,
14:18:45.363,0,companies announce a merger,tap,519.21,191.82,,,,,N,
14:18:45.680,0,companies announce a merger,tap,710.37,27.96,,,,,O,
14:18:45.838,0,companies announce a merger,tap,531.12,36.37,,,,,U,
14:18:46.071,0,companies announce a merger,tap,490.50,178.51,,,,,N,
14:18:46.571,0,companies announce a merger,swipe,251.03,198.12,220.22,123.89,168.79,0.00,C,E
14:18:47.723,0,companies announce a merger,tap,64.77,133.00,,,,,A,
14:18:49.607,0,companies announce a merger,swipe,578.73,200.22,522.01,172.21,363.54,93.95,M,G
14:18:50.257,0,companies announce a merger,tap,257.33,44.77,,,,,R,
14:18:50.991,0,companies announce a merger,tap,356.06,104.29,,,,,G,
14:18:51.616,0,companies announce a merger,swipe,174.70,42.67,276.24,46.17,414.56,50.94,E,Y
14:18:56.319,1,want to join us for lunch,tap,122.19,33.57,,,,,W,
14:18:56.561,1,want to join us for lunch,tap,67.57,109.19,,,,,A,
14:18:57.411,1,want to join us for lunch,swipe,470.20,188.32,419.78,136.50,302.83,16.30,N,R
14:18:59.246,1,want to join us for lunch,swipe,367.26,44.77,420.48,42.67,607.08,35.30,T,I
14:19:01.122,1,want to join us for lunch,tap,671.16,37.07,,,,,O,
14:19:02.798,1,want to join us for lunch,tap,349.76,55.97,,,,,T,
14:19:04.499,1,want to join us for lunch,tap,666.26,42.67,,,,,O,
14:19:05.699,1,want to join us for lunch,swipe,530.42,125.30,601.84,80.48,730.11,0.00,J,P
14:19:06.233,1,want to join us for lunch,swipe,610.94,17.46,554.22,97.29,471.93,213.11,I,N
14:19:10.194,1,want to join us for lunch,swipe,519.91,140.70,548.62,118.29,700.18,0.00,J,O
14:19:11.211,1,want to join us for lunch,swipe,607.44,26.56,579.43,78.38,493.32,237.69,I,N
14:19:13.637,1,want to join us for lunch,swipe,516.41,123.89,594.84,83.28,729.53,13.53,J,P
14:19:14.421,1,want to join us for lunch,swipe,589.23,30.77,560.53,112.69,515.91,240.00,I, 
14:19:20.399,1,want to join us for lunch,tap,522.71,44.77,,,,,U,
14:19:20.525,1,want to join us for lunch,tap,109.58,98.69,,,,,S,
14:19:22.200,1,want to join us for lunch,tap,527.61,35.67,,,,,U,
14:19:22.301,1,want to join us for lunch,tap,122.19,116.89,,,,,S,
14:19:22.926,1,want to join us for lunch,tap,305.65,120.39,,,,,F,
14:19:23.126,1,want to join us for lunch,tap,292.34,86.78,,,,,F,
14:19:26.753,1,want to join us for lunch,tap,310.55,115.49,,,,,F,
14:19:26.945,1,want to join us for lunch,tap,274.84,70.68,,,,,R,
14:19:28.671,1,want to join us for lunch,tap,307.75,109.89,,,,,F,
14:19:28.771,1,want to join us for lunch,tap,687.26,24.46,,,,,O,
14:19:28.871,1,want to join us for lunch,tap,269.23,67.18,,,,,R,
14:19:30.272,1,want to join us for lunch,swipe,701.27,121.79,587.13,103.59,464.27,83.99,L,H
14:19:31.431,1,want to join us for lunch,swipe,513.61,197.42,452.69,205.82,275.86,230.21,N,C
14:19:31.831,1,want to join us for lunch,tap,468.10,114.09,,,,,H,
14:19:33.932,1,want to join us for lunch,swipe,687.96,113.39,568.23,67.88,463.63,28.12,L,Y
14:19:35.850,1,want to join us for lunch,swipe,516.41,193.92,417.68,199.52,276.80,207.51,N,C
14:19:36.392,1,want to join us for lunch,tap,460.39,127.40,,,,,H,
14:19:40.103,2,this person is a disaster,tap,341.36,64.38,,,,,T,
14:19:40.219,2,this person is a disaster,tap,461.79,120.39,,,,,H,
14:19:40.394,2,this person is a disaster,tap,151.60,120.39,,,,,S,
14:19:42.237,2,this person is a disaster,tap,325.25,58.07,,,,,T,
14:19:42.354,2,this person is a disaster,tap,459.69,118.29,,,,,H,
14:19:43.429,2,this person is a disaster,swipe,634.05,36.37,549.32,58.07,401.56,95.93,I,G
14:19:45.556,2,this person is a disaster,tap,759.39,20.26,,,,,P,
14:19:45.647,2,this person is a disaster,tap,194.31,52.47,,,,,E,
14:19:46.756,2,this person is a disaster,tap,267.13,44.77,,,,,R,
14:19:48.690,2,this person is a disaster,swipe,124.29,128.10,195.71,107.09,354.54,60.38,S,T
14:19:52.293,2,this person is a disaster,tap,503.11,194.62,,,,,N,
14:19:54.894,2,this person is a disaster,tap,760.09,34.27,,,,,P,
14:19:55.170,2,this person is a disaster,tap,140.39,59.47,,,,,W,
14:19:55.219,2,this person is a disaster,tap,212.52,42.67,,,,,E,
14:19:57.613,2,this person is a disaster,tap,766.39,27.26,,,,,P,
14:19:57.796,2,this person is a disaster,tap,172.60,37.07,,,,,E,
14:19:57.837,2,this person is a disaster,tap,265.73,27.26,,,,,R,
14:19:58.188,2,this person is a disaster,tap,142.49,123.19,,,,,S,
14:19:58.746,2,this person is a disaster,tap,723.68,28.67,,,,,P,
14:20:02.590,2,this person is a disaster,tap,764.99,30.77,,,,,P,
14:20:02.707,2,this person is a disaster,tap,179.61,35.67,,,,,E,
14:20:02.941,2,this person is a disaster,tap,262.93,34.27,,,,,R,
14:20:03.349,2,this person is a disaster,tap,138.99,109.19,,,,,S,
14:20:04.016,2,this person is a disaster,swipe,687.96,16.76,636.85,59.47,503.80,170.65,O,N
14:20:06.617,2,this person is a disaster,tap,734.18,48.27,,,,,P,
14:20:06.768,2,this person is a disaster,tap,184.51,38.47,,,,,E,
14:20:06.809,2,this person is a disaster,tap,244.73,31.47,,,,,R,
14:20:07.826,2,this person is a disaster,tap,130.59,130.90,,,,,S,
14:20:08.610,2,this person is a disaster,swipe,690.07,19.56,636.15,63.68,504.32,171.54,O,N
14:20:10.878,2,this person is a disaster,tap,608.14,32.17,,,,,I,
14:20:11.020,2,this person is a disaster,tap,134.09,119.69,,,,,S,
14:20:11.329,2,this person is a disaster,tap,57.07,126.70,,,,,A,
14:20:12.988,2,this person is a disaster,tap,248.23,115.49,,,,,D,
14:20:13.046,2,this person is a disaster,tap,603.94,27.96,,,,,I,
14:20:14.947,2,this person is a disaster,tap,85.08,124.60,,,,,A,
14:20:15.664,2,this person is a disaster,tap,232.82,123.89,,,,,D,
14:20:16.307,2,this person is a disaster,tap,159.30,109.89,,,,,S,
14:20:17.624,2,this person is a disaster,tap,590.63,39.17,,,,,I,
14:20:17.741,2,this person is a disaster,tap,146.70,126.70,,,,,S,
14:20:19.075,2,this person is a disaster,tap,214.62,111.99,,,,,D,
14:20:19.225,2,this person is a disaster,tap,610.94,39.87,,,,,I,
14:20:20.450,2,this person is a disaster,tap,61.97,141.40,,,,,A,
14:20:21.493,2,this person is a disaster,tap,223.02,120.39,,,,,D,
14:20:21.576,2,this person is a disaster,tap,612.34,42.67,,,,,I,
14:20:21.768,2,this person is a disaster,tap,134.09,138.60,,,,,S,
14:20:22.443,2,this person is a disaster,swipe,60.57,126.00,99.78,123.19,299.96,108.90,A,F
14:20:23.044,2,this person is a disaster,tap,320.35,53.17,,,,,T,
14:20:23.244,2,this person is a disaster,tap,183.11,59.47,,,,,E,
14:20:23.294,2,this person is a disaster,tap,259.43,50.37,,,,,R,
14:20:26.079,2,this person is a disaster,tap,162.10,113.39,,,,,S,
14:20:26.813,2,this person is a disaster,tap,223.02,118.29,,,,,D,
14:20:26.913,2,this person is a disaster,tap,611.64,47.57,,,,,I,
14:20:27.296,2,this person is a disaster,tap,143.89,123.19,,,,,S,
14:20:28.263,2,this person is a disaster,swipe,33.96,114.09,87.18,116.19,273.77,123.56,A,F
14:20:29.380,2,this person is a disaster,swipe,349.06,55.27,272.04,41.27,112.93,12.34,T,W
14:20:30.089,2,this person is a disaster,tap,267.13,39.17,,,,,R,
14:20:32.724,2,this person is a disaster,tap,195.71,125.30,,,,,D,
14:20:32.983,2,this person is a disaster,tap,119.39,118.99,,,,,S,
14:20:33.483,2,this person is a disaster,tap,28.36,117.59,,,,,A,
14:20:36.668,2,this person is a disaster,tap,160.00,107.09,,,,,S,
14:20:37.910,2,this person is a disaster,tap,188.01,109.89,,,,,D,
14:20:38.010,2,this person is a disaster,tap,605.34,37.07,,,,,I,
14:20:38.194,2,this person is a disaster,tap,116.59,121.79,,,,,S,
14:20:38.978,2,this person is a disaster,tap,47.96,127.40,,,,,A,
14:20:39.211,2,this person is a disaster,tap,135.49,104.99,,,,,S,
14:20:39.887,2,this person is a disaster,tap,318.25,56.67,,,,,R,
14:20:40.145,2,this person is a disaster,tap,199.21,52.47,,,,,E,
14:20:40.195,2,this person is a disaster,tap,268.53,46.17,,,,,R,
14:20:42.472,2,this person is a disaster,tap,202.71,136.50,,,,,D,
14:20:42.563,2,this person is a disaster,tap,613.04,41.27,,,,,I,
14:20:43.332,2,this person is a disaster,tap,115.19,111.29,,,,,S,
14:20:43.731,2,this person is a disaster,tap,53.57,128.10,,,,,A,
14:20:44.231,2,this person is a disaster,tap,146.70,97.99,,,,,S,
14:20:44.848,2,this person is a disaster,tap,354.66,52.47,,,,,T,
14:20:45.081,2,this person is a disaster,tap,216.02,44.07,,,,,E,
14:20:45.123,2,this person is a disaster,tap,289.54,40.57,,,,,R,
14:20:48.100,3,the library is closed today,tap,344.16,55.27,,,,,T,
14:20:48.216,3,the library is closed today,tap,465.30,122.49,,,,,H,
14:20:48.308,3,the library is closed today,tap,218.82,51.77,,,,,E,
14:20:49.684,3,the library is closed today,swipe,712.47,109.19,619.34,66.48,494.32,9.14,L,U
14:20:51.168,3,the library is closed today,swipe,428.18,210.02,378.47,163.11,253.63,45.30,B,R
14:20:52.161,3,the library is closed today,swipe,59.87,123.19,125.69,99.39,285.56,41.56,A,R
14:20:52.727,3,the library is closed today,tap,444.29,49.67,,,,,Y,
14:20:53.820,3,the library is closed today,tap,598.34,44.77,,,,,I,
14:20:56.004,3,the library is closed today,tap,115.19,111.99,,,,,S,
14:20:56.988,3,the library is closed today,tap,256.63,193.92,,,,,C,
14:20:57.172,3,the library is closed today,tap,689.37,118.29,,,,,L,
14:20:57.372,3,the library is closed today,tap,678.86,65.08,,,,,O,
14:20:57.922,3,the library is closed today,tap,107.48,116.19,,,,,S,
14:20:58.439,3,the library is closed today,swipe,177.51,35.67,207.61,97.99,276.23,240.00,E, 
14:21:01.215,3,the library is closed today,tap,326.65,46.17,,,,,T,
14:21:01.324,3,the library is closed today,tap,692.17,32.87,,,,,O,
14:21:02.025,3,the library is closed today,swipe,215.32,115.49,108.88,106.39,0.00,97.08,D,
14:21:02.900,3,the library is closed today,tap,447.09,41.97,,,,,Y,
14:21:06.902,4,is she done yet,tap,615.14,38.47,,,,,I,
14:21:08.128,4,is she done yet,tap,105.38,114.79,,,,,S,
14:21:08.812,4,is she done yet,tap,107.48,119.69,,,,,S,
14:21:08.928,4,is she done yet,tap,458.29,115.49,,,,,H,
14:21:09.062,4,is she done yet,tap,174.00,71.38,,,,,E,
14:21:09.862,4,is she done yet,swipe,187.31,146.30,295.84,120.39,420.75,90.58,D,H
14:21:10.537,4,is she done yet,swipe,514.31,205.82,440.79,158.21,312.87,75.36,N,R
14:21:13.047,4,is she done yet,swipe,176.81,125.30,284.64,89.58,404.64,49.84,S,Y
14:21:14.331,4,is she done yet,swipe,204.81,124.60,272.04,90.28,418.58,15.49,D,Y
14:21:15.457,4,is she done yet,swipe,516.41,196.02,441.49,150.50,311.29,71.41,N,R
14:21:17.850,4,is she done yet,swipe,201.31,133.00,273.44,114.79,434.01,74.26,D,Y
14:21:19.634,4,is she done yet,tap,192.91,122.49,,,,,D,
14:21:20.893,4,is she done yet,tap,673.96,43.37,,,,,O,
14:21:21.377,4,is she done yet,swipe,510.11,201.62,436.59,158.91,302.59,81.06,N,F
14:21:23.495,4,is she done yet,tap,199.21,129.50,,,,,D,
14:21:24.012,4,is she done yet,tap,671.86,36.37,,,,,O,
14:21:24.679,4,is she done yet,swipe,514.31,196.72,446.39,168.71,292.44,105.22,N,F
14:21:27.589,4,is she done yet,swipe,211.12,131.60,273.44,107.09,434.47,43.76,D,Y
14:21:28.798,4,is she done yet,swipe,515.71,212.12,433.79,177.11,295.02,117.81,N,F
14:21:33.284,4,is she done yet,swipe,204.81,126.00,363.06,94.49,440.19,79.13,D,Y
14:21:34.501,4,is she done yet,swipe,505.91,194.62,368.67,136.50,284.91,101.03,N,F
14:21:37.486,4,is she done yet,tap,198.51,95.19,,,,,D,
14:21:37.578,4,is she done yet,tap,680.26,35.67,,,,,O,
14:21:38.412,4,is she done yet,swipe,510.11,195.32,441.49,167.31,287.91,104.62,N,F
14:21:40.388,4,is she done yet,tap,189.41,131.60,,,,,D,
14:21:40.463,4,is she done yet,tap,679.56,22.36,,,,,O,
14:21:41.171,4,is she done yet,swipe,499.61,179.21,449.19,147.00,297.36,50.00,N,R
14:21:42.664,4,is she done yet,tap,190.81,122.49,,,,,D,
14:21:42.764,4,is she done yet,tap,659.96,28.67,,,,,O,
14:21:45.049,4,is she done yet,tap,219.52,115.49,,,,,D,
14:21:45.174,4,is she done yet,tap,682.36,27.26,,,,,O,
14:21:45.999,4,is she done yet,swipe,516.41,198.12,435.89,160.31,299.17,96.11,N,F
14:21:48.251,4,is she done yet,tap,216.02,121.09,,,,,D,
14:21:49.093,4,is she done yet,swipe,505.21,196.72,457.59,164.51,306.42,62.24,N,R
14:21:51.086,4,is she done yet,swipe,227.92,115.49,297.24,97.29,460.05,54.53,D,Y
14:21:52.320,4,is she done yet,tap,489.10,196.02,,,,,N,
14:21:52.445,4,is she done yet,tap,173.30,35.67,,,,,E,
14:21:54.712,4,is she done yet,swipe,213.22,122.49,360.96,89.58,447.48,70.31,D,Y
14:21:55.438,4,is she done yet,tap,488.40,179.91,,,,,N,
14:21:57.214,4,is she done yet,tap,681.66,32.17,,,,,O,
14:21:57.898,4,is she done yet,tap,211.12,121.09,,,,,D,
14:21:58.198,4,is she done yet,tap,513.61,165.91,,,,,N,
14:22:00.416,4,is she done yet,tap,453.39,229.63,,,,,B,
14:22:00.583,4,is she done yet,tap,210.42,122.49,,,,,D,
14:22:00.816,4,is she done yet,tap,482.80,184.11,,,,,N,
14:22:00.916,4,is she done yet,tap,193.61,83.28,,,,,D,
14:22:02.842,4,is she done yet,tap,148.80,126.00,,,,,S,
14:22:02.901,4,is she done yet,tap,446.39,127.40,,,,,H,
14:22:03.076,4,is she done yet,tap,173.30,69.98,,,,,E,
14:22:03.693,4,is she done yet,tap,220.92,125.30,,,,,D,
14:22:03.852,4,is she done yet,tap,688.67,39.87,,,,,O,
14:22:04.010,4,is she done yet,tap,509.41,184.81,,,,,N,
14:22:04.118,4,is she done yet,tap,200.61,83.28,,,,,D,
14:22:05.186,4,is she done yet,tap,177.51,59.47,,,,,E,
14:22:08.529,4,is she done yet,swipe,206.91,130.90,290.24,101.49,433.23,51.02,D,Y
14:22:09.204,4,is she done yet,tap,283.94,106.39,,,,,F,
14:22:11.422,4,is she done yet,swipe,213.92,113.39,437.99,56.67,446.58,54.50,D,Y
14:22:12.565,4,is she done yet,tap,494.00,186.91,,,,,N,
14:22:12.673,4,is she done yet,tap,171.90,47.57,,,,,E,
14:22:14.733,4,is she done yet,tap,218.12,126.00,,,,,D,
14:22:14.842,4,is she done yet,tap,674.66,37.07,,,,,O,
14:22:15.016,4,is she done yet,tap,516.41,165.91,,,,,N,
14:22:15.150,4,is she done yet,tap,196.41,75.58,,,,,E,
14:22:16.191,4,is she done yet,swipe,437.29,49.67,288.84,60.18,197.89,66.61,Y,E
14:22:17.084,4,is she done yet,tap,359.56,37.07,,,,,T,
14:22:20.102,5,communicate through email,tap,269.93,173.61,,,,,C,
14:22:20.278,5,communicate through email,tap,699.17,36.37,,,,,O,
14:22:20.511,5,communicate through email,tap,573.13,177.11,,,,,M,
14:22:20.653,5,communicate through email,tap,575.23,178.51,,,,,M,
14:22:21.028,5,communicate through email,tap,520.61,44.07,,,,,U,
14:22:21.219,5,communicate through email,tap,486.30,190.42,,,,,N,
14:22:21.545,5,communicate through email,tap,600.44,25.86,,,,,I,
14:22:22.037,5,communicate through email,swipe,268.53,182.71,157.20,173.61,29.33,163.16,C,
14:22:22.937,5,communicate through email,tap,344.16,59.47,,,,,T,
14:22:23.046,5,communicate through email,tap,188.71,46.17,,,,,E,
14:22:24.205,5,communicate through email,tap,342.76,54.57,,,,,T,
14:22:24.313,5,communicate through email,tap,464.60,126.00,,,,,H,
14:22:24.497,5,communicate through email,tap,251.73,46.17,,,,,R,
14:22:24.863,5,communicate through email,tap,706.87,12.56,,,,,O,
14:22:24.988,5,communicate through email,tap,543.02,27.96,,,,,U,
14:22:25.689,5,communicate through email,swipe,378.47,120.39,435.89,114.79,617.33,97.09,G,K
14:22:26.881,5,communicate through email,tap,181.71,53.87,,,,,E,
14:22:27.373,5,communicate through email,tap,552.82,203.72,,,,,M,
14:22:27.832,5,communicate through email,tap,84.38,121.09,,,,,A,
14:22:28.765,5,communicate through email,swipe,581.53,22.36,635.45,74.18,754.57,188.66,I,.
14:22:31.359,6,just what the doctor ordered,tap,545.12,129.50,,,,,J,
14:22:31.751,6,just what the doctor ordered,tap,521.31,46.17,,,,,U,
14:22:32.201,6,just what the doctor ordered,swipe,124.29,136.50,247.53,95.89,352.23,61.38,S,T
14:22:34.427,6,just what the doctor ordered,tap,127.79,39.17,,,,,W,
14:22:34.477,6,just what the doctor ordered,tap,480.70,126.70,,,,,H,
14:22:34.719,6,just what the doctor ordered,tap,69.67,104.29,,,,,A,
14:22:35.378,6,just what the doctor ordered,tap,364.46,62.98,,,,,T,
14:22:36.712,6,just what the doctor ordered,swipe,352.56,54.57,414.88,85.38,567.70,160.94,T,M
14:22:36.970,6,just what the doctor ordered,tap,198.51,39.87,,,,,E,
14:22:37.712,6,just what the doctor ordered,tap,202.01,118.99,,,,,D,
14:22:38.404,6,just what the doctor ordered,tap,699.87,36.37,,,,,O,
14:22:38.630,6,just what the doctor ordered,tap,258.73,203.02,,,,,C,
14:22:39.455,6,just what the doctor ordered,swipe,347.66,69.28,383.37,61.58,582.26,18.68,T,I
14:22:40.506,6,just what the doctor ordered,tap,284.64,41.97,,,,,R,
14:22:42.874,6,just what the doctor ordered,tap,208.32,104.99,,,,,D,
14:22:42.982,6,just what the doctor ordered,tap,680.26,34.27,,,,,O,
14:22:43.190,6,just what the doctor ordered,tap,260.83,172.21,,,,,C,
14:22:44.716,6,just what the doctor ordered,swipe,342.06,44.77,451.29,34.97,581.10,23.32,T,I
14:22:45.125,6,just what the doctor ordered,tap,273.44,38.47,,,,,R,
14:22:46.751,6,just what the doctor ordered,swipe,703.37,44.07,588.53,41.27,463.44,38.22,O,Y
14:22:47.301,6,just what the doctor ordered,tap,214.62,110.59,,,,,D,
14:22:47.560,6,just what the doctor ordered,tap,175.40,51.07,,,,,E,
14:22:47.643,6,just what the doctor ordered,tap,261.53,53.17,,,,,R,
14:22:47.877,6,just what the doctor ordered,tap,188.01,52.47,,,,,E,
14:22:50.411,6,just what the doctor ordered,swipe,685.16,42.67,578.03,41.27,445.18,39.53,O,Y
14:22:51.003,6,just what the doctor ordered,tap,218.82,123.19,,,,,D,
14:22:51.162,6,just what the doctor ordered,tap,218.82,123.19,,,,,D,
14:22:52.738,6,just what the doctor ordered,swipe,672.56,44.07,556.32,35.67,433.18,26.77,O,Y
14:22:55.089,6,just what the doctor ordered,tap,232.12,118.29,,,,,D,
14:22:55.689,6,just what the doctor ordered,tap,198.51,72.78,,,,,E,
14:22:55.948,6,just what the doctor ordered,tap,195.71,62.28,,,,,E,
14:22:59.149,6,just what the doctor ordered,tap,237.72,124.60,,,,,D,
14:22:59.266,6,just what the doctor ordered,tap,671.86,47.57,,,,,O,
14:22:59.458,6,just what the doctor ordered,tap,261.53,186.91,,,,,C,
14:23:00.309,6,just what the doctor ordered,swipe,372.17,46.87,482.80,30.07,609.44,10.83,T,I
14:23:00.767,6,just what the doctor ordered,tap,274.14,49.67,,,,,R,
14:23:01.743,6,just what the doctor ordered,tap,687.96,46.17,,,,,O,
14:23:01.868,6,just what the doctor ordered,tap,264.33,48.97,,,,,R,
14:23:02.118,6,just what the doctor ordered,tap,209.72,95.19,,,,,D,
14:23:02.527,6,just what the doctor ordered,tap,177.51,49.67,,,,,E,
14:23:03.369,6,just what the doctor ordered,swipe,260.13,46.87,207.61,39.17,22.67,12.04,R,Q
14:23:04.703,6,just what the doctor ordered,swipe,204.11,39.17,207.61,100.79,215.52,240.00,E, 
14:23:06.637,6,just what the doctor ordered,tap,678.86,43.37,,,,,O,
14:23:06.804,6,just what the doctor ordered,tap,264.33,40.57,,,,,R,
14:23:07.046,6,just what the doctor ordered,tap,223.72,87.48,,,,,D,
14:23:07.196,6,just what the doctor ordered,tap,177.51,59.47,,,,,E,
14:23:07.363,6,just what the doctor ordered,tap,260.13,51.77,,,,,R,
14:23:07.421,6,just what the doctor ordered,tap,189.41,65.08,,,,,E,
14:23:07.671,6,just what the doctor ordered,tap,218.82,107.09,,,,,D,
14:23:09.864,7,the living is easy,tap,347.66,52.47,,,,,T,
14:23:09.964,7,the living is easy,tap,467.40,119.69,,,,,H,
14:23:11.140,7,the living is easy,tap,197.81,63.68,,,,,E,
14:23:11.790,7,the living is easy,swipe,679.56,99.39,599.04,42.67,538.46,0.00,L,U
14:23:12.374,7,the living is easy,tap,319.65,187.61,,,,,V,
14:23:12.482,7,the living is easy,tap,615.14,36.37,,,,,I,
14:23:12.641,7,the living is easy,tap,487.70,189.02,,,,,N,
14:23:12.724,7,the living is easy,tap,361.66,126.00,,,,,G,
14:23:14.775,7,the living is easy,tap,324.55,48.27,,,,,T,
14:23:14.975,7,the living is easy,tap,458.99,123.19,,,,,H,
14:23:17.477,7,the living is easy,tap,190.81,71.38,,,,,E,
14:23:18.460,7,the living is easy,swipe,694.27,105.69,605.34,44.07,541.74,0.00,L,U
14:23:19.144,7,the living is easy,tap,323.15,180.61,,,,,V,
14:23:19.269,7,the living is easy,tap,609.54,39.17,,,,,I,
14:23:20.128,7,the living is easy,tap,500.31,190.42,,,,,N,
14:23:20.245,7,the living is easy,tap,363.76,115.49,,,,,G,
14:23:21.846,7,the living is easy,tap,589.23,47.57,,,,,I,
14:23:21.954,7,the living is easy,tap,140.39,133.00,,,,,S,
14:23:22.404,7,the living is easy,tap,208.32,66.48,,,,,E,
14:23:22.805,7,the living is easy,tap,87.18,135.10,,,,,A,
14:23:23.047,7,the living is easy,tap,168.40,124.60,,,,,S,
14:23:23.180,7,the living is easy,tap,442.19,67.18,,,,,Y,
14:23:25.665,8,do not drink the water,tap,220.22,123.89,,,,,D,
14:23:26.032,8,do not drink the water,tap,686.56,35.67,,,,,O,
14:23:26.540,8,do not drink the water,tap,485.60,205.12,,,,,N,
14:23:26.732,8,do not drink the water,tap,675.36,39.17,,,,,O,
14:23:27.724,8,do not drink the water,tap,335.75,65.08,,,,,T,
14:23:28.349,8,do not drink the water,swipe,195.01,147.70,267.13,43.37,297.11,0.00,D,R
14:23:29.542,8,do not drink the water,swipe,609.54,21.66,544.42,125.30,481.85,224.87,I,N
14:23:30.001,8,do not drink the water,tap,616.54,110.59,,,,,K,
14:23:30.651,8,do not drink the water,tap,495.40,239.43,,,,,N,
14:23:31.843,8,do not drink the water,tap,339.96,46.17,,,,,T,
14:23:31.918,8,do not drink the water,tap,456.89,122.49,,,,,H,
14:23:32.035,8,do not drink the water,tap,208.32,44.07,,,,,E,
14:23:34.094,8,do not drink the water,swipe,222.32,134.40,260.13,66.48,297.14,0.00,D,R
14:23:35.279,8,do not drink the water,tap,613.74,26.56,,,,,I,
14:23:35.453,8,do not drink the water,tap,511.51,174.31,,,,,N,
14:23:35.595,8,do not drink the water,tap,618.64,76.98,,,,,I,
14:23:37.363,8,do not drink the water,tap,338.56,54.57,,,,,T,
14:23:37.547,8,do not drink the water,tap,218.82,44.07,,,,,E,
14:23:37.738,8,do not drink the water,tap,444.99,231.03,,,,,B,
14:23:39.264,8,do not drink the water,tap,332.25,51.77,,,,,T,
14:23:39.456,8,do not drink the water,tap,202.01,40.57,,,,,E,
14:23:41.615,8,do not drink the water,tap,337.16,48.27,,,,,T,
14:23:41.866,8,do not drink the water,tap,201.31,42.67,,,,,E,
14:23:43.900,8,do not drink the water,tap,338.56,45.47,,,,,T,
14:23:44.225,8,do not drink the water,tap,473.70,109.19,,,,,H,
14:23:44.484,8,do not drink the water,tap,187.31,46.17,,,,,E,
14:23:45.376,8,do not drink the water,tap,136.89,51.07,,,,,W,
14:23:45.593,8,do not drink the water,tap,82.98,132.30,,,,,A,
14:23:45.860,8,do not drink the water,tap,366.56,58.07,,,,,T,
14:23:46.068,8,do not drink the water,tap,212.52,40.57,,,,,E,
14:23:46.101,8,do not drink the water,tap,287.44,48.27,,,,,R,
14:23:48.886,9,are you talking to me,swipe,60.57,125.30,158.60,90.98,287.09,46.01,A,R
14:23:49.437,9,are you talking to me,tap,188.71,34.97,,,,,E,
14:23:50.912,9,are you talking to me,swipe,444.99,37.77,499.61,25.86,618.28,0.00,Y,I
14:23:51.314,9,are you talking to me,tap,507.31,41.97,,,,,U,
14:23:53.772,9,are you talking to me,tap,456.19,39.17,,,,,Y,
14:23:54.047,9,are you talking to me,tap,650.85,34.27,,,,,O,
14:23:54.156,9,are you talking to me,tap,505.21,39.87,,,,,U,
14:23:54.815,9,are you talking to me,tap,342.06,55.97,,,,,T,
14:23:55.240,9,are you talking to me,tap,68.97,133.70,,,,,A,
14:23:55.499,9,are you talking to me,tap,648.75,95.19,,,,,K,
14:23:55.699,9,are you talking to me,tap,594.14,111.29,,,,,K,
14:23:57.483,9,are you talking to me,tap,338.56,46.17,,,,,T,
14:23:57.641,9,are you talking to me,tap,96.28,122.49,,,,,A,
14:23:57.791,9,are you talking to me,tap,682.36,102.19,,,,,L,
14:23:57.966,9,are you talking to me,tap,629.85,117.59,,,,,K,
14:23:58.708,9,are you talking to me,swipe,598.34,29.37,567.53,81.88,476.89,236.37,I,N
14:23:59.601,9,are you talking to me,tap,372.87,111.99,,,,,G,
14:24:01.068,9,are you talking to me,tap,366.56,69.98,,,,,T,
14:24:01.152,9,are you talking to me,tap,687.26,26.56,,,,,O,
14:24:01.577,9,are you talking to me,tap,557.02,177.81,,,,,M,
14:24:01.610,9,are you talking to me,tap,205.51,60.18,,,,,E,
14:24:04.070,10,a quarter of a century,tap,51.47,124.60,,,,,A,
14:24:05.287,10,a quarter of a century,swipe,37.46,47.57,172.60,22.36,273.39,3.56,Q,R
14:24:05.763,10,a quarter of a century,tap,64.07,109.19,,,,,A,
14:24:06.421,10,a quarter of a century,tap,258.73,37.07,,,,,R,
14:24:06.638,10,a quarter of a century,tap,334.35,42.67,,,,,T,
14:24:06.813,10,a quarter of a century,tap,183.11,38.47,,,,,E,
14:24:06.846,10,a quarter of a century,tap,268.53,37.07,,,,,R,
14:24:08.414,10,a quarter of a century,tap,694.27,23.76,,,,,O,
14:24:08.906,10,a quarter of a century,tap,74.57,116.89,,,,,A,
14:24:09.965,10,a quarter of a century,tap,291.64,117.59,,,,,F,
14:24:10.749,10,a quarter of a century,tap,54.97,116.19,,,,,A,
14:24:11.824,10,a quarter of a century,swipe,253.13,188.32,213.22,123.89,136.46,0.00,C,W
14:24:13.067,10,a quarter of a century,tap,500.31,191.82,,,,,N,
14:24:13.183,10,a quarter of a century,tap,345.56,54.57,,,,,T,
14:24:13.459,10,a quarter of a century,tap,513.61,53.17,,,,,U,
14:24:13.576,10,a quarter of a century,tap,279.74,46.87,,,,,R,
14:24:13.792,10,a quarter of a century,tap,451.29,65.08,,,,,Y,
14:24:17.586,11,the second largest country,swipe,335.75,48.27,406.48,82.58,551.68,153.03,T,J
14:24:17.936,11,the second largest country,tap,170.50,35.67,,,,,E,
14:24:19.637,11,the second largest country,tap,136.19,137.20,,,,,S,
14:24:19.837,11,the second largest country,tap,193.61,67.88,,,,,E,
14:24:21.046,11,the second largest country,tap,110.28,137.90,,,,,S,
14:24:21.555,11,the second largest country,tap,266.43,172.21,,,,,C,
14:24:21.622,11,the second largest country,tap,674.66,59.47,,,,,O,
14:24:22.539,11,the second largest country,tap,193.61,69.98,,,,,E,
14:24:23.181,11,the second largest country,tap,112.39,141.40,,,,,S,
14:24:23.248,11,the second largest country,tap,184.51,60.88,,,,,E,
14:24:24.940,11,the second largest country,tap,113.09,129.50,,,,,S,
14:24:25.157,11,the second largest country,tap,185.21,65.78,,,,,E,
14:24:25.482,11,the second largest country,tap,277.64,174.31,,,,,C,
14:24:25.866,11,the second largest country,tap,669.76,59.47,,,,,O,
14:24:26.049,11,the second largest country,tap,489.80,196.72,,,,,N,
14:24:27.425,11,the second largest country,tap,347.66,53.17,,,,,T,
14:24:27.550,11,the second largest country,tap,460.39,130.90,,,,,H,
14:24:28.867,11,the second largest country,tap,185.21,66.48,,,,,E,
14:24:29.960,11,the second largest country,tap,113.09,123.89,,,,,S,
14:24:30.026,11,the second largest country,tap,195.71,53.17,,,,,E,
14:24:30.644,11,the second largest country,tap,248.93,165.91,,,,,C,
14:24:30.819,11,the second largest country,tap,687.26,45.47,,,,,O,
14:24:31.052,11,the second largest country,tap,498.91,197.42,,,,,N,
14:24:31.269,11,the second largest country,tap,216.02,117.59,,,,,D,
14:24:32.328,11,the second largest country,swipe,728.58,102.19,620.74,109.19,489.08,117.74,L,H
14:24:33.070,11,the second largest country,tap,269.23,48.27,,,,,R,
14:24:33.278,11,the second largest country,tap,366.56,117.59,,,,,G,
14:24:33.470,11,the second largest country,tap,214.62,48.27,,,,,E,
14:24:33.628,11,the second largest country,tap,136.19,105.69,,,,,S,
14:24:33.737,11,the second largest country,tap,320.35,49.67,,,,,T,
14:24:35.221,11,the second largest country,tap,261.53,175.71,,,,,C,
14:24:35.363,11,the second largest country,tap,711.77,31.47,,,,,O,
14:24:35.530,11,the second largest country,tap,512.91,58.07,,,,,U,
14:24:35.763,11,the second largest country,tap,488.40,194.62,,,,,N,
14:24:36.205,11,the second largest country,swipe,358.16,60.18,293.04,44.07,125.18,2.56,T,W
14:24:36.555,11,the second largest country,tap,461.79,44.07,,,,,Y,
14:24:39.190,12,with each step forward,tap,116.59,60.88,,,,,W,
14:24:39.315,12,with each step forward,tap,631.25,30.77,,,,,I,
14:24:39.448,12,with each step forward,tap,336.46,51.07,,,,,T,
14:24:40.149,12,with each step forward,swipe,175.40,41.27,152.30,68.58,20.38,224.48,E,
14:24:40.758,12,with each step forward,tap,248.93,180.61,,,,,C,
14:24:40.924,12,with each step forward,tap,455.49,114.09,,,,,H,
14:24:42.058,12,with each step forward,tap,151.60,110.59,,,,,S,
14:24:42.500,12,with each step forward,tap,356.76,51.07,,,,,T,
14:24:43.117,12,with each step forward,swipe,178.91,47.57,307.75,56.67,418.31,64.49,E,Y
14:24:44.026,12,with each step forward,tap,666.96,35.67,,,,,O,
14:24:45.694,12,with each step forward,tap,141.09,119.69,,,,,S,
14:24:46.144,12,with each step forward,tap,349.06,48.97,,,,,T,
14:24:46.361,12,with each step forward,tap,188.71,47.57,,,,,E,
14:24:47.211,12,with each step forward,tap,752.39,20.26,,,,,P,
14:24:48.812,12,with each step forward,tap,287.44,107.79,,,,,F,
14:24:49.221,12,with each step forward,tap,269.23,46.17,,,,,R,
14:24:49.779,12,with each step forward,swipe,124.99,44.07,64.77,71.38,0.00,100.75,W,
14:24:50.338,12,with each step forward,swipe,283.94,40.57,232.82,85.38,103.47,198.78,R,Z
14:24:50.563,12,with each step forward,tap,228.62,100.09,,,,,D,
14:24:52.789,12,with each step forward,tap,292.34,113.39,,,,,F,
14:24:52.906,12,with each step forward,tap,676.76,42.67,,,,,O,
14:24:53.206,12,with each step forward,tap,263.63,49.67,,,,,R,
14:24:54.249,12,with each step forward,swipe,108.88,51.07,60.57,80.48,0.00,117.35,W,
14:24:54.791,12,with each step forward,swipe,286.74,44.77,204.81,88.88,75.43,158.55,R,A
14:24:54.991,12,with each step forward,tap,197.81,87.48,,,,,D,
14:24:57.400,12,with each step forward,tap,288.84,110.59,,,,,F,
14:24:57.467,12,with each step forward,tap,689.37,35.67,,,,,O,
14:24:57.892,12,with each step forward,tap,263.63,58.77,,,,,R,
14:24:58.659,12,with each step forward,swipe,123.59,46.17,69.67,83.28,0.00,131.24,W,
14:24:59.952,12,with each step forward,swipe,269.93,43.37,219.52,100.09,110.49,222.75,R,Z
14:25:02.945,13,love means many things,tap,698.47,91.68,,,,,L,
14:25:03.137,13,love means many things,tap,683.06,46.17,,,,,O,
14:25:03.512,13,love means many things,swipe,339.96,205.82,272.74,155.40,147.96,61.82,V,W
14:25:04.496,13,love means many things,tap,575.23,184.11,,,,,M,
14:25:04.671,13,love means many things,tap,208.32,57.37,,,,,E,
14:25:04.796,13,love means many things,tap,73.87,130.20,,,,,A,
14:25:04.930,13,love means many things,tap,505.21,207.92,,,,,N,
14:25:06.481,13,love means many things,tap,129.89,132.30,,,,,S,
14:25:07.990,13,love means many things,tap,570.33,187.61,,,,,M,
14:25:08.123,13,love means many things,tap,74.57,135.10,,,,,A,
14:25:08.573,13,love means many things,swipe,502.41,207.92,484.90,152.60,436.61,0.00,N,Y
14:25:10.275,13,love means many things,tap,345.56,49.67,,,,,T,
14:25:10.391,13,love means many things,tap,470.20,124.60,,,,,H,
14:25:10.550,13,love means many things,tap,600.44,30.07,,,,,I,
14:25:10.725,13,love means many things,tap,479.30,181.31,,,,,N,
14:25:11.525,13,love means many things,swipe,381.27,118.99,320.35,111.29,143.16,88.89,G,S
14:25:14.510,14,completely sold out of that,tap,256.63,185.51,,,,,C,
14:25:14.752,14,completely sold out of that,tap,629.85,76.28,,,,,I,
14:25:14.794,14,completely sold out of that,tap,578.73,176.41,,,,,M,
14:25:16.545,14,completely sold out of that,tap,252.43,198.82,,,,,C,
14:25:16.820,14,completely sold out of that,tap,566.83,189.72,,,,,M,
14:25:17.229,14,completely sold out of that,tap,770.59,24.46,,,,,P,
14:25:17.379,14,completely sold out of that,tap,685.86,100.79,,,,,L,
14:25:19.363,14,completely sold out of that,tap,250.33,207.92,,,,,C,
14:25:19.480,14,completely sold out of that,tap,676.06,45.47,,,,,O,
14:25:19.922,14,completely sold out of that,tap,566.83,186.91,,,,,M,
14:25:20.389,14,completely sold out of that,tap,779.69,34.97,,,,,P,
14:25:20.822,14,completely sold out of that,tap,204.11,46.17,,,,,E,
14:25:20.972,14,completely sold out of that,swipe,224.42,43.37,274.84,42.67,464.40,40.04,E,Y
14:25:22.473,14,completely sold out of that,tap,264.33,188.32,,,,,C,
14:25:22.590,14,completely sold out of that,tap,698.47,45.47,,,,,O,
14:25:22.765,14,completely sold out of that,tap,571.73,191.12,,,,,M,
14:25:23.107,14,completely sold out of that,tap,772.69,32.87,,,,,P,
14:25:23.173,14,completely sold out of that,tap,680.96,101.49,,,,,L,
14:25:23.332,14,completely sold out of that,tap,215.32,54.57,,,,,E,
14:25:23.482,14,completely sold out of that,tap,339.96,52.47,,,,,T,
14:25:23.691,14,completely sold out of that,tap,210.42,54.57,,,,,E,
14:25:24.241,14,completely sold out of that,swipe,687.26,131.60,599.04,94.49,466.04,38.54,L,Y
14:25:27.810,14,completely sold out of that,tap,146.70,120.39,,,,,S,
14:25:27.876,14,completely sold out of that,tap,682.36,41.27,,,,,O,
14:25:28.410,14,completely sold out of that,swipe,688.67,124.60,603.24,129.50,449.06,138.34,L,H
14:25:30.069,14,completely sold out of that,tap,121.49,128.10,,,,,S,
14:25:30.153,14,completely sold out of that,tap,682.36,42.67,,,,,O,
14:25:30.619,14,completely sold out of that,swipe,683.76,125.30,598.34,118.99,444.41,107.64,L,H
14:25:32.062,14,completely sold out of that,tap,110.98,129.50,,,,,S,
14:25:32.179,14,completely sold out of that,tap,655.05,51.77,,,,,O,
14:25:32.387,14,completely sold out of that,tap,650.85,130.90,,,,,K,
14:25:32.529,14,completely sold out of that,tap,181.01,129.50,,,,,D,
14:25:32.646,14,completely sold out of that,tap,515.01,217.72,,,,,N,
14:25:34.172,14,completely sold out of that,tap,126.39,135.80,,,,,S,
14:25:34.205,14,completely sold out of that,tap,675.36,42.67,,,,,O,
14:25:34.388,14,completely sold out of that,tap,666.96,93.09,,,,,L,
14:25:34.505,14,completely sold out of that,tap,192.91,145.60,,,,,D,
14:25:35.172,14,completely sold out of that,tap,698.47,43.37,,,,,O,
14:25:35.339,14,completely sold out of that,tap,519.91,54.57,,,,,U,
14:25:35.514,14,completely sold out of that,tap,335.75,73.48,,,,,T,
14:25:36.932,14,completely sold out of that,swipe,694.97,32.17,606.04,53.87,461.81,89.08,O,H
14:25:39.683,14,completely sold out of that,tap,659.26,39.87,,,,,O,
14:25:39.766,14,completely sold out of that,tap,285.34,114.09,,,,,F,
14:25:40.633,14,completely sold out of that,tap,316.85,65.78,,,,,R,
14:25:40.717,14,completely sold out of that,tap,465.30,121.09,,,,,H,
14:25:40.909,14,completely sold out of that,tap,89.28,135.80,,,,,A,
14:25:43.302,14,completely sold out of that,swipe,363.76,27.26,418.38,78.38,538.99,191.26,T,N
14:25:43.618,14,completely sold out of that,tap,78.77,122.49,,,,,A,
14:25:43.752,14,completely sold out of that,tap,367.96,50.37,,,,,T,
14:25:44.169,14,completely sold out of that,tap,424.68,235.93,,,,,B,
14:25:46.120,14,completely sold out of that,swipe,343.46,48.27,407.88,101.49,528.49,201.12,T,N
14:25:47.621,14,completely sold out of that,tap,39.56,130.90,,,,,A,
14:25:47.821,14,completely sold out of that,tap,367.26,41.27,,,,,T,
14:25:51.840,15,question that must be answered,tap,10.15,53.17,,,,,Q,
14:25:51.957,15,question that must be answered,tap,557.02,26.56,,,,,U,
14:25:52.107,15,question that must be answered,tap,178.21,35.67,,,,,E,
14:25:52.424,15,question that must be answered,tap,159.30,110.59,,,,,S,
14:25:53.641,15,question that must be answered,tap,358.86,55.27,,,,,T,
14:25:53.774,15,question that must be answered,tap,593.44,44.07,,,,,I,
14:25:53.900,15,question that must be answered,tap,689.37,30.07,,,,,O,
14:25:54.733,15,question that must be answered,tap,499.61,173.61,,,,,N,
14:25:55.909,15,question that must be answered,tap,335.75,55.27,,,,,T,
14:25:55.984,15,question that must be answered,tap,470.20,135.10,,,,,H,
14:25:56.593,15,question that must be answered,swipe,92.78,119.69,136.19,98.69,308.82,15.16,A,R
14:25:58.102,15,question that must be answered,swipe,573.83,182.01,527.61,116.19,446.03,0.00,M,Y
14:25:59.077,15,question that must be answered,tap,153.00,120.39,,,,,S,
14:25:59.261,15,question that must be answered,tap,343.46,48.27,,,,,T,
14:26:01.954,15,question that must be answered,swipe,571.03,180.61,548.62,107.79,515.46,0.00,M,U
14:26:04.481,15,question that must be answered,tap,11.55,51.77,,,,,Q,
14:26:04.589,15,question that must be answered,tap,547.92,44.07,,,,,U,
14:26:05.056,15,question that must be answered,tap,159.30,62.98,,,,,W,
14:26:05.681,15,question that must be answered,tap,141.09,118.29,,,,,S,
14:26:07.599,15,question that must be answered,tap,36.06,58.07,,,,,Q,
14:26:07.682,15,question that must be answered,tap,536.02,43.37,,,,,U,
14:26:07.824,15,question that must be answered,tap,189.41,39.17,,,,,E,
14:26:08.049,15,question that must be answered,tap,156.50,88.18,,,,,S,
14:26:08.808,15,question that must be answered,swipe,363.76,57.37,402.28,46.17,560.99,0.00,T,I
14:26:09.867,15,question that must be answered,swipe,660.66,33.57,613.04,69.98,470.01,179.35,O,N
14:26:11.334,15,question that must be answered,tap,347.66,51.77,,,,,T,
14:26:11.393,15,question that must be answered,tap,461.79,118.99,,,,,H,
14:26:11.626,15,question that must be answered,tap,80.88,142.10,,,,,A,
14:26:11.851,15,question that must be answered,tap,327.35,53.17,,,,,T,
14:26:12.894,15,question that must be answered,tap,554.22,189.02,,,,,M,
14:26:13.235,15,question that must be answered,tap,536.72,60.18,,,,,U,
14:26:14.211,15,question that must be answered,swipe,133.39,128.10,192.21,105.69,357.67,42.66,S,T
14:26:16.262,15,question that must be answered,tap,561.93,200.92,,,,,M,
14:26:16.412,15,question that must be answered,tap,520.61,33.57,,,,,U,
14:26:16.938,15,question that must be answered,swipe,145.30,117.59,188.01,102.19,371.06,36.17,S,T
14:26:18.222,15,question that must be answered,tap,580.83,193.92,,,,,M,
14:26:18.322,15,question that must be answered,tap,545.12,39.87,,,,,U,
14:26:18.805,15,question that must be answered,tap,143.19,119.69,,,,,S,
14:26:19.056,15,question that must be answered,tap,348.36,49.67,,,,,T,
14:26:19.864,15,question that must be answered,tap,423.98,186.91,,,,,B,
14:26:19.914,15,question that must be answered,tap,218.12,62.98,,,,,E,
14:26:20.506,15,question that must be answered,tap,51.47,115.49,,,,,A,
14:26:20.548,15,question that must be answered,tap,508.71,194.62,,,,,N,
14:26:20.790,15,question that must be answered,tap,141.79,98.69,,,,,S,
14:26:21.098,15,question that must be answered,tap,103.28,62.28,,,,,W,
14:26:21.157,15,question that must be answered,tap,172.60,43.37,,,,,E,
14:26:21.557,15,question that must be answered,tap,264.33,51.07,,,,,R,
14:26:22.183,15,question that must be answered,swipe,183.11,28.67,190.81,73.48,219.43,240.00,E, 
14:26:24.976,16,zero in on the facts,tap,88.58,170.81,,,,,Z,
14:26:25.359,16,zero in on the facts,tap,181.01,53.87,,,,,E,
14:26:25.409,16,zero in on the facts,tap,264.33,59.47,,,,,R,
14:26:25.501,16,zero in on the facts,tap,695.67,30.07,,,,,O,
14:26:27.152,16,zero in on the facts,swipe,114.49,179.21,156.50,120.39,242.49,0.00,Z,R
14:26:29.203,16,zero in on the facts,tap,255.23,44.77,,,,,R,
14:26:31.013,16,zero in on the facts,swipe,97.68,211.42,146.70,165.21,272.30,46.78,Z,R
14:26:32.296,16,zero in on the facts,swipe,84.38,191.12,131.29,131.60,232.95,2.63,Z,E
14:26:33.506,16,zero in on the facts,tap,261.53,25.86,,,,,R,
14:26:33.614,16,zero in on the facts,tap,687.26,30.07,,,,,O,
14:26:34.789,16,zero in on the facts,tap,612.34,23.76,,,,,I,
14:26:34.956,16,zero in on the facts,tap,496.11,179.91,,,,,N,
14:26:35.456,16,zero in on the facts,tap,642.45,54.57,,,,,O,
14:26:35.648,16,zero in on the facts,tap,483.50,196.02,,,,,N,
14:26:36.949,16,zero in on the facts,tap,337.16,40.57,,,,,T,
14:26:37.133,16,zero in on the facts,tap,185.91,34.97,,,,,E,
14:26:39.200,16,zero in on the facts,tap,334.35,41.27,,,,,T,
14:26:39.250,16,zero in on the facts,tap,461.09,117.59,,,,,H,
14:26:39.392,16,zero in on the facts,tap,188.71,39.87,,,,,E,
14:26:40.401,16,zero in on the facts,tap,279.04,111.29,,,,,F,
14:26:40.668,16,zero in on the facts,tap,66.87,117.59,,,,,A,
14:26:41.126,16,zero in on the facts,tap,251.73,161.01,,,,,C,
14:26:41.593,16,zero in on the facts,swipe,339.96,40.57,267.83,59.47,107.80,101.43,T,S
14:26:44.328,17,the stock exchange dipped,tap,352.56,51.07,,,,,T,
14:26:44.445,17,the stock exchange dipped,tap,473.70,126.00,,,,,H,
14:26:44.537,17,the stock exchange dipped,tap,209.02,42.67,,,,,E,
14:26:45.145,17,the stock exchange dipped,tap,137.59,108.49,,,,,S,
14:26:45.312,17,the stock exchange dipped,tap,330.85,42.67,,,,,T,
14:26:45.479,17,the stock exchange dipped,tap,677.46,37.07,,,,,O,
14:26:46.471,17,the stock exchange dipped,swipe,250.33,190.42,315.45,165.91,474.95,105.88,C,H
14:26:49.014,17,the stock exchange dipped,tap,199.21,55.27,,,,,E,
14:26:49.440,17,the stock exchange dipped,tap,176.81,177.81,,,,,X,
14:26:50.223,17,the stock exchange dipped,swipe,230.02,190.42,322.45,148.40,448.51,91.10,C,H
14:26:51.032,17,the stock exchange dipped,tap,59.17,134.40,,,,,A,
14:26:51.207,17,the stock exchange dipped,tap,487.00,189.02,,,,,N,
14:26:51.382,17,the stock exchange dipped,tap,361.66,121.09,,,,,G,
14:26:51.557,17,the stock exchange dipped,tap,199.21,45.47,,,,,E,
14:26:53.317,17,the stock exchange dipped,tap,211.82,108.49,,,,,D,
14:26:53.434,17,the stock exchange dipped,tap,601.14,41.97,,,,,I,
14:26:53.959,17,the stock exchange dipped,tap,756.59,35.67,,,,,P,
14:26:54.117,17,the stock exchange dipped,tap,748.88,32.17,,,,,P,
14:26:54.684,17,the stock exchange dipped,swipe,192.91,37.77,193.61,76.98,196.52,240.00,E, 
14:26:56.977,17,the stock exchange dipped,tap,220.92,128.10,,,,,D,
14:26:57.060,17,the stock exchange dipped,tap,599.04,34.27,,,,,I,
14:26:57.411,17,the stock exchange dipped,tap,762.19,25.86,,,,,P,
14:26:57.511,17,the stock exchange dipped,tap,762.19,25.86,,,,,P,
14:26:58.128,17,the stock exchange dipped,swipe,193.61,42.67,204.81,98.69,233.08,240.00,E, 
14:26:59.579,17,the stock exchange dipped,tap,213.92,127.40,,,,,D,
14:26:59.721,17,the stock exchange dipped,tap,620.74,55.97,,,,,I,
14:27:00.012,17,the stock exchange dipped,tap,754.49,27.26,,,,,P,
14:27:00.129,17,the stock exchange dipped,tap,751.68,28.67,,,,,P,
14:27:00.237,17,the stock exchange dipped,tap,188.01,74.88,,,,,E,
14:27:00.462,17,the stock exchange dipped,tap,209.72,124.60,,,,,D,
14:27:02.330,18,the world is a stage,tap,338.56,53.17,,,,,T,
14:27:02.430,18,the world is a stage,tap,475.10,118.99,,,,,H,
14:27:02.530,18,the world is a stage,tap,208.32,48.27,,,,,E,
14:27:03.164,18,the world is a stage,tap,89.98,72.78,,,,,W,
14:27:03.908,18,the world is a stage,tap,685.16,37.07,,,,,O,
14:27:04.206,18,the world is a stage,tap,250.33,44.77,,,,,R,
14:27:05.707,18,the world is a stage,swipe,272.04,46.17,231.42,93.79,116.29,228.77,R,Z
14:27:06.249,18,the world is a stage,tap,671.86,93.79,,,,,L,
14:27:06.358,18,the world is a stage,tap,212.52,106.39,,,,,D,
14:27:08.284,18,the world is a stage,tap,116.59,57.37,,,,,W,
14:27:08.325,18,the world is a stage,tap,692.87,26.56,,,,,O,
14:27:09.076,18,the world is a stage,tap,260.13,39.87,,,,,R,
14:27:09.201,18,the world is a stage,tap,674.66,97.29,,,,,L,
14:27:09.626,18,the world is a stage,tap,213.92,87.48,,,,,D,
14:27:11.169,18,the world is a stage,tap,604.64,37.77,,,,,I,
14:27:11.602,18,the world is a stage,tap,59.87,120.39,,,,,A,
14:27:12.903,18,the world is a stage,tap,149.50,126.00,,,,,S,
14:27:13.261,18,the world is a stage,tap,64.77,136.50,,,,,A,
14:27:13.870,18,the world is a stage,tap,142.49,130.90,,,,,S,
14:27:14.154,18,the world is a stage,tap,330.85,54.57,,,,,T,
14:27:14.437,18,the world is a stage,tap,59.87,115.49,,,,,A,
14:27:14.971,18,the world is a stage,swipe,374.97,109.89,337.16,100.79,141.63,53.72,G,W
14:27:17.022,18,the world is a stage,tap,115.89,98.69,,,,,S,
14:27:17.431,18,the world is a stage,tap,388.27,51.77,,,,,T,
14:27:17.564,18,the world is a stage,tap,71.07,121.79,,,,,A,
14:27:17.889,18,the world is a stage,tap,388.97,127.40,,,,,G,
14:27:18.990,18,the world is a stage,swipe,360.26,117.59,304.25,84.68,160.10,0.00,G,E
14:27:20.374,18,the world is a stage,tap,117.29,118.99,,,,,S,
14:27:20.649,18,the world is a stage,tap,351.16,64.38,,,,,T,
14:27:20.916,18,the world is a stage,tap,70.37,128.80,,,,,A,
14:27:21.349,18,the world is a stage,swipe,362.36,116.19,314.75,95.19,142.78,19.32,G,W
14:27:24.018,19,sent this by registered mail,tap,149.50,120.39,,,,,S,
14:27:24.235,19,sent this by registered mail,tap,219.52,59.47,,,,,E,
14:27:24.351,19,sent this by registered mail,tap,495.40,204.42,,,,,N,
14:27:24.451,19,sent this by registered mail,tap,352.56,69.28,,,,,T,
14:27:28.253,19,sent this by registered mail,swipe,136.89,116.89,146.00,90.28,176.88,0.00,S,E
14:27:29.554,19,sent this by registered mail,tap,113.79,104.99,,,,,S,
14:27:30.396,19,sent this by registered mail,swipe,127.09,113.39,187.31,48.27,231.95,0.00,S,E
14:27:30.880,19,sent this by registered mail,swipe,505.91,200.22,461.79,160.31,327.94,39.20,N,T
14:27:32.648,19,sent this by registered mail,tap,332.95,41.97,,,,,T,
14:27:33.857,19,sent this by registered mail,tap,466.00,126.00,,,,,H,
14:27:33.990,19,sent this by registered mail,tap,588.53,30.77,,,,,I,
14:27:34.123,19,sent this by registered mail,tap,141.09,106.39,,,,,S,
14:27:35.216,19,sent this by registered mail,tap,268.53,41.97,,,,,R,
14:27:35.266,19,sent this by registered mail,tap,192.21,41.97,,,,,E,
14:27:35.482,19,sent this by registered mail,tap,360.96,90.98,,,,,G,
14:27:35.574,19,sent this by registered mail,tap,600.44,38.47,,,,,I,
14:27:35.716,19,sent this by registered mail,tap,122.19,114.79,,,,,S,
14:27:36.041,19,sent this by registered mail,tap,328.75,50.37,,,,,T,
14:27:37.050,19,sent this by registered mail,tap,188.01,35.67,,,,,E,
14:27:37.234,19,sent this by registered mail,tap,269.23,38.47,,,,,R,
14:27:37.250,19,sent this by registered mail,tap,188.01,30.77,,,,,E,
14:27:39.018,19,sent this by registered mail,tap,258.73,39.87,,,,,R,
14:27:39.051,19,sent this by registered mail,tap,187.31,31.47,,,,,E,
14:27:39.360,19,sent this by registered mail,tap,349.06,95.19,,,,,G,
14:27:39.585,19,sent this by registered mail,tap,124.99,114.09,,,,,S,
14:27:39.843,19,sent this by registered mail,tap,342.76,51.07,,,,,T,
14:27:41.678,19,sent this by registered mail,swipe,320.35,37.77,407.88,85.38,531.17,152.46,T,J
14:27:42.461,19,sent this by registered mail,swipe,606.74,34.27,542.32,60.88,384.92,125.89,I,G
14:27:44.738,19,sent this by registered mail,swipe,273.44,43.37,205.51,31.47,37.04,1.94,R,Q
14:27:46.422,19,sent this by registered mail,swipe,391.07,126.00,437.99,96.59,592.07,0.00,G,I
14:27:47.514,19,sent this by registered mail,tap,108.88,119.69,,,,,S,
14:27:47.956,19,sent this by registered mail,tap,332.25,48.97,,,,,T,
14:27:48.123,19,sent this by registered mail,tap,196.41,43.37,,,,,E,
14:27:48.298,19,sent this by registered mail,tap,197.11,42.67,,,,,E,
14:27:48.632,19,sent this by registered mail,tap,221.62,101.49,,,,,D,
14:27:55.644,19,sent this by registered mail,tap,271.33,45.47,,,,,R,
14:27:55.694,19,sent this by registered mail,tap,183.81,42.67,,,,,E,
14:27:56.269,19,sent this by registered mail,swipe,388.27,125.30,457.59,101.49,615.26,47.34,G,I
14:27:56.653,19,sent this by registered mail,tap,131.29,129.50,,,,,S,
14:27:56.903,19,sent this by registered mail,tap,362.36,71.38,,,,,T,
14:27:57.078,19,sent this by registered mail,tap,191.51,55.27,,,,,E,
14:27:57.253,19,sent this by registered mail,tap,194.31,51.77,,,,,E,
14:27:57.503,19,sent this by registered mail,tap,210.42,118.99,,,,,D,
14:27:59.655,19,sent this by registered mail,tap,259.43,45.47,,,,,R,
14:27:59.713,19,sent this by registered mail,tap,181.01,40.57,,,,,E,
14:28:00.130,19,sent this by registered mail,swipe,384.77,132.30,426.78,104.99,586.00,1.50,G,I
14:28:00.622,19,sent this by registered mail,tap,131.29,120.39,,,,,S,
14:28:00.972,19,sent this by registered mail,tap,334.35,52.47,,,,,T,
14:28:01.122,19,sent this by registered mail,tap,198.51,44.07,,,,,E,
14:28:01.289,19,sent this by registered mail,tap,192.91,40.57,,,,,E,
14:28:01.506,19,sent this by registered mail,tap,199.21,100.79,,,,,D,
14:28:03.332,19,sent this by registered mail,tap,281.14,54.57,,,,,R,
14:28:03.373,19,sent this by registered mail,tap,195.71,47.57,,,,,E,
14:28:03.565,19,sent this by registered mail,tap,353.26,105.69,,,,,G,
14:28:03.657,19,sent this by registered mail,tap,596.24,45.47,,,,,I,
14:28:03.857,19,sent this by registered mail,tap,124.99,116.19,,,,,S,
14:28:04.266,19,sent this by registered mail,swipe,332.95,46.17,281.14,40.57,94.34,20.38,T,W
14:28:04.933,19,sent this by registered mail,swipe,258.73,47.57,227.22,41.27,23.39,0.50,R,Q
14:28:05.491,19,sent this by registered mail,swipe,202.71,27.26,201.31,75.58,196.55,240.00,E, 
14:28:06.509,19,sent this by registered mail,tap,194.31,34.27,,,,,E,
14:28:06.800,19,sent this by registered mail,tap,201.31,104.99,,,,,D,
14:28:09.093,19,sent this by registered mail,tap,272.04,46.17,,,,,R,
14:28:09.285,19,sent this by registered mail,tap,195.01,35.67,,,,,E,
14:28:10.779,19,sent this by registered mail,tap,262.93,41.97,,,,,R,
14:28:10.828,19,sent this by registered mail,tap,187.31,34.27,,,,,E,
14:28:11.120,19,sent this by registered mail,tap,352.56,101.49,,,,,G,
14:28:11.203,19,sent this by registered mail,tap,607.44,41.27,,,,,I,
14:28:11.486,19,sent this by registered mail,tap,131.99,116.19,,,,,S,
14:28:12.304,19,sent this by registered mail,swipe,332.25,51.77,288.84,49.67,92.53,40.17,T,W
14:28:15.264,19,sent this by registered mail,swipe,188.71,30.07,244.73,32.17,428.54,39.06,E,Y
14:28:15.764,19,sent this by registered mail,swipe,204.81,39.17,204.81,97.29,204.81,240.00,E, 
14:28:17.423,19,sent this by registered mail,tap,284.64,51.07,,,,,R,
14:28:17.473,19,sent this by registered mail,tap,209.72,35.67,,,,,E,
14:28:17.657,19,sent this by registered mail,tap,353.96,91.68,,,,,G,
14:28:17.840,19,sent this by registered mail,tap,610.94,41.97,,,,,I,
14:28:18.040,19,sent this by registered mail,tap,150.90,123.89,,,,,S,
14:28:18.691,19,sent this by registered mail,swipe,346.96,48.97,249.63,41.97,107.58,31.75,T,W
14:28:21.568,19,sent this by registered mail,swipe,184.51,46.17,302.84,45.47,424.50,44.75,E,Y
14:28:24.961,19,sent this by registered mail,tap,281.84,47.57,,,,,R,
14:28:25.027,19,sent this by registered mail,tap,209.02,34.97,,,,,E,
14:28:25.244,19,sent this by registered mail,tap,369.37,89.58,,,,,G,
14:28:25.336,19,sent this by registered mail,tap,609.54,48.27,,,,,I,
14:28:25.728,19,sent this by registered mail,tap,162.80,107.79,,,,,S,
14:28:26.136,19,sent this by registered mail,tap,359.56,55.27,,,,,T,
14:28:26.287,19,sent this by registered mail,tap,213.92,31.47,,,,,E,
14:28:26.487,19,sent this by registered mail,tap,209.72,34.27,,,,,E,
14:28:26.979,19,sent this by registered mail,tap,206.21,109.19,,,,,D,
14:28:28.338,19,sent this by registered mail,tap,256.63,44.07,,,,,R,
14:28:28.371,19,sent this by registered mail,tap,181.71,43.37,,,,,E,
14:28:28.605,19,sent this by registered mail,tap,354.66,98.69,,,,,G,
14:28:28.713,19,sent this by registered mail,tap,617.94,32.87,,,,,I,
14:28:28.880,19,sent this by registered mail,tap,139.69,116.89,,,,,S,
14:28:29.663,19,sent this by registered mail,tap,338.56,53.17,,,,,T,
14:28:30.706,19,sent this by registered mail,tap,192.91,42.67,,,,,E,
14:28:33.199,19,sent this by registered mail,tap,244.73,35.67,,,,,R,
14:28:33.791,19,sent this by registered mail,swipe,183.11,27.96,201.31,85.38,250.34,240.00,E, 
14:28:35.308,19,sent this by registered mail,tap,557.72,191.12,,,,,M,
14:28:35.492,19,sent this by registered mail,tap,600.44,46.17,,,,,I,
14:28:36.217,19,sent this by registered mail,tap,67.57,133.00,,,,,A,
14:28:36.326,19,sent this by registered mail,tap,593.44,46.87,,,,,I,
14:28:36.509,19,sent this by registered mail,tap,664.16,117.59,,,,,L,
14:28:37.852,19,sent this by registered mail,tap,557.72,201.62,,,,,M,
14:28:38.052,19,sent this by registered mail,tap,589.23,54.57,,,,,I,
14:28:38.293,19,sent this by registered mail,tap,685.16,90.98,,,,,L,
14:28:39.803,19,sent this by registered mail,tap,273.44,54.57,,,,,R,
14:28:39.844,19,sent this by registered mail,tap,191.51,50.37,,,,,E,
14:28:40.145,19,sent this by registered mail,tap,343.46,99.39,,,,,G,
14:28:40.295,19,sent this by registered mail,tap,608.14,42.67,,,,,I,
14:28:40.436,19,sent this by registered mail,tap,134.09,118.29,,,,,S,
14:28:40.695,19,sent this by registered mail,tap,323.85,54.57,,,,,T,
14:28:40.887,19,sent this by registered mail,tap,184.51,46.17,,,,,E,
14:28:41.103,19,sent this by registered mail,tap,256.63,43.37,,,,,R,
14:28:41.295,19,sent this by registered mail,tap,174.70,41.97,,,,,E,
14:28:41.762,19,sent this by registered mail,swipe,182.41,37.77,189.41,83.98,213.05,240.00,E, 
14:28:43.538,19,sent this by registered mail,tap,253.13,48.27,,,,,R,
14:28:43.605,19,sent this by registered mail,tap,184.51,47.57,,,,,E,
14:28:43.805,19,sent this by registered mail,tap,356.06,98.69,,,,,G,
14:28:43.872,19,sent this by registered mail,tap,603.24,38.47,,,,,I,
14:28:44.038,19,sent this by registered mail,tap,131.99,130.20,,,,,S,
14:28:44.289,19,sent this by registered mail,tap,332.25,58.07,,,,,T,
14:28:44.455,19,sent this by registered mail,tap,192.91,48.97,,,,,E,
14:28:44.630,19,sent this by registered mail,tap,195.01,44.07,,,,,E,
14:28:44.872,19,sent this by registered mail,tap,213.22,101.49,,,,,D,
14:28:45.823,19,sent this by registered mail,tap,273.44,50.37,,,,,R,
14:28:45.856,19,sent this by registered mail,tap,192.21,48.97,,,,,E,
14:28:46.573,19,sent this by registered mail,tap,353.26,96.59,,,,,G,
14:28:46.673,19,sent this by registered mail,tap,593.44,45.47,,,,,I,
14:28:46.782,19,sent this by registered mail,tap,140.39,115.49,,,,,S,
14:28:46.990,19,sent this by registered mail,tap,344.16,55.97,,,,,T,
14:28:47.124,19,sent this by registered mail,tap,209.02,46.17,,,,,E,
14:28:47.315,19,sent this by registered mail,tap,199.91,40.57,,,,,E,
14:28:47.515,19,sent this by registered mail,tap,211.82,105.69,,,,,D,
14:28:48.466,19,sent this by registered mail,tap,260.13,44.77,,,,,R,
14:28:48.524,19,sent this by registered mail,tap,184.51,45.47,,,,,E,
14:28:49.200,19,sent this by registered mail,tap,356.76,105.69,,,,,G,
14:28:49.308,19,sent this by registered mail,tap,583.63,46.87,,,,,I,
14:28:49.558,19,sent this by registered mail,tap,332.95,55.27,,,,,T,
14:28:49.792,19,sent this by registered mail,tap,196.41,47.57,,,,,E,
14:28:51.359,19,sent this by registered mail,tap,267.13,49.67,,,,,R,
14:28:51.392,19,sent this by registered mail,tap,193.61,44.77,,,,,E,
14:28:51.593,19,sent this by registered mail,tap,346.26,86.78,,,,,G,
14:28:51.676,19,sent this by registered mail,tap,612.34,27.26,,,,,I,
14:28:51.843,19,sent this by registered mail,tap,117.29,127.40,,,,,S,
14:28:53.686,19,sent this by registered mail,tap,270.63,44.77,,,,,R,
14:28:53.710,19,sent this by registered mail,tap,188.71,34.97,,,,,E,
14:28:53.977,19,sent this by registered mail,tap,344.16,90.28,,,,,G,
14:28:54.069,19,sent this by registered mail,tap,585.03,27.96,,,,,I,
14:28:54.269,19,sent this by registered mail,tap,117.29,124.60,,,,,S,
14:28:54.736,19,sent this by registered mail,tap,316.15,55.97,,,,,R,
14:28:54.895,19,sent this by registered mail,tap,191.51,51.07,,,,,E,
14:28:55.053,19,sent this by registered mail,tap,265.03,45.47,,,,,R,
14:28:55.078,19,sent this by registered mail,tap,187.31,43.37,,,,,E,
14:28:55.595,19,sent this by registered mail,tap,203.41,102.89,,,,,D,
14:28:57.613,19,sent this by registered mail,tap,260.13,52.47,,,,,R,
14:28:57.704,19,sent this by registered mail,tap,188.71,49.67,,,,,E,
14:28:57.947,19,sent this by registered mail,tap,356.76,97.29,,,,,G,
14:28:58.046,19,sent this by registered mail,tap,613.74,39.17,,,,,I,
14:28:58.189,19,sent this by registered mail,tap,129.19,118.99,,,,,S,
14:28:58.438,19,sent this by registered mail,tap,337.16,53.17,,,,,T,
14:28:58.688,19,sent this by registered mail,tap,197.81,38.47,,,,,E,
14:28:58.964,19,sent this by registered mail,tap,263.63,39.17,,,,,R,
14:28:59.647,19,sent this by registered mail,swipe,181.01,34.27,189.41,69.98,229.41,240.00,E, 
14:29:02.421,19,sent this by registered mail,tap,577.33,190.42,,,,,M,
14:29:02.546,19,sent this by registered mail,tap,66.17,142.10,,,,,A,
14:29:02.946,19,sent this by registered mail,swipe,610.24,23.06,664.86,53.17,800.00,127.67,I,enter
14:29:11.843,19,sent this by registered mail,tap,411.38,202.32,,,,,B,
14:29:12.010,19,sent this by registered mail,tap,448.49,61.58,,,,,Y,
14:29:13.410,19,sent this by registered mail,tap,701.97,61.58,,,,,O,
14:29:13.418,19,sent this by registered mail,tap,398.07,197.42,,,,,B,
14:29:13.493,19,sent this by registered mail,tap,449.89,52.47,,,,,Y,
14:29:15.152,19,sent this by registered mail,tap,400.18,170.11,,,,,B,
14:29:15.635,19,sent this by registered mail,tap,199.21,41.97,,,,,E,
14:29:15.668,19,sent this by registered mail,tap,282.54,49.67,,,,,R,
14:29:16.552,19,sent this by registered mail,tap,419.78,57.37,,,,,Y,
14:29:17.452,19,sent this by registered mail,tap,273.44,47.57,,,,,R,
14:29:17.485,19,sent this by registered mail,tap,204.81,44.77,,,,,E,
14:29:17.786,19,sent this by registered mail,tap,365.86,107.79,,,,,G,
14:29:17.903,19,sent this by registered mail,tap,595.54,30.77,,,,,I,
14:29:18.227,19,sent this by registered mail,tap,153.70,104.99,,,,,S,
14:29:18.477,19,sent this by registered mail,tap,360.26,58.07,,,,,T,
14:29:18.727,19,sent this by registered mail,tap,211.82,58.07,,,,,E,
14:29:18.936,19,sent this by registered mail,tap,277.64,46.17,,,,,R,
14:29:19.511,19,sent this by registered mail,swipe,197.81,37.77,204.81,78.38,232.68,240.00,E, 
14:29:20.728,19,sent this by registered mail,tap,575.93,212.12,,,,,M,
14:29:20.911,19,sent this by registered mail,tap,74.57,139.30,,,,,A,
14:29:21.219,19,sent this by registered mail,swipe,588.53,25.16,630.55,53.87,786.69,160.57,I,
14:29:24.054,20,life if but a dream,tap,692.87,102.19,,,,,L,
14:29:24.103,20,life if but a dream,tap,284.64,106.39,,,,,F,
14:29:24.270,20,life if but a dream,tap,594.84,50.37,,,,,I,
14:29:25.362,20,life if but a dream,tap,678.16,110.59,,,,,L,
14:29:25.545,20,life if but a dream,tap,600.44,53.17,,,,,I,
14:29:25.712,20,life if but a dream,tap,307.05,121.79,,,,,F,
14:29:25.762,20,life if but a dream,tap,204.81,58.07,,,,,E,
14:29:26.429,20,life if but a dream,tap,601.14,51.07,,,,,I,
14:29:27.163,20,life if but a dream,tap,410.68,190.42,,,,,B,
14:29:27.213,20,life if but a dream,tap,523.41,34.97,,,,,U,
14:29:27.313,20,life if but a dream,tap,339.96,72.78,,,,,T,
14:29:27.838,20,life if but a dream,tap,72.47,151.20,,,,,A,
14:29:29.172,20,life if but a dream,tap,279.04,115.49,,,,,F,
14:29:29.572,20,life if but a dream,tap,409.98,186.91,,,,,B,
14:29:29.630,20,life if but a dream,tap,503.11,49.67,,,,,U,
14:29:29.722,20,life if but a dream,tap,325.95,67.18,,,,,T,
14:29:30.281,20,life if but a dream,tap,56.37,139.30,,,,,A,
14:29:30.972,20,life if but a dream,swipe,209.72,112.69,257.33,78.38,366.10,0.00,D,T
14:29:32.331,20,life if but a dream,tap,192.21,30.77,,,,,E,
14:29:32.531,20,life if but a dream,tap,56.37,116.19,,,,,A,
14:29:32.856,20,life if but a dream,tap,557.72,172.21,,,,,M,
14:29:35.574,21,tickets are very expensive,tap,342.06,46.87,,,,,T,
14:29:35.658,21,tickets are very expensive,tap,591.33,40.57,,,,,I,
14:29:36.075,21,tickets are very expensive,tap,225.82,186.21,,,,,C,
14:29:36.183,21,tickets are very expensive,tap,616.54,102.89,,,,,K,
14:29:36.950,21,tickets are very expensive,swipe,167.70,34.27,246.83,22.36,395.48,0.00,E,T
14:29:37.784,21,tickets are very expensive,tap,138.99,112.69,,,,,S,
14:29:38.834,21,tickets are very expensive,swipe,71.07,124.60,83.68,114.09,220.59,0.00,A,E
14:29:39.184,21,tickets are very expensive,tap,263.63,42.67,,,,,R,
14:29:40.160,21,tickets are very expensive,tap,58.47,120.39,,,,,A,
14:29:40.685,21,tickets are very expensive,tap,258.73,35.67,,,,,R,
14:29:40.701,21,tickets are very expensive,tap,181.01,32.17,,,,,E,
14:29:41.227,21,tickets are very expensive,swipe,285.34,132.30,315.45,160.31,401.12,240.00,F, 
14:29:42.061,21,tickets are very expensive,tap,316.15,187.61,,,,,V,
14:29:42.378,21,tickets are very expensive,tap,198.51,62.98,,,,,E,
14:29:42.436,21,tickets are very expensive,tap,275.54,58.07,,,,,R,
14:29:42.578,21,tickets are very expensive,tap,438.69,62.28,,,,,Y,
14:29:43.353,21,tickets are very expensive,tap,212.52,56.67,,,,,E,
14:29:43.786,21,tickets are very expensive,tap,208.32,171.51,,,,,X,
14:29:44.203,21,tickets are very expensive,tap,733.48,32.87,,,,,P,
14:29:44.337,21,tickets are very expensive,tap,184.51,59.47,,,,,E,
14:29:44.537,21,tickets are very expensive,tap,517.11,147.70,,,,,J,
14:29:46.621,21,tickets are very expensive,tap,199.21,51.77,,,,,E,
14:29:47.071,21,tickets are very expensive,tap,192.21,177.11,,,,,X,
14:29:47.171,21,tickets are very expensive,tap,730.68,59.47,,,,,P,
14:29:47.405,21,tickets are very expensive,tap,189.41,69.28,,,,,E,
14:29:47.547,21,tickets are very expensive,tap,524.11,177.81,,,,,N,
14:29:48.839,21,tickets are very expensive,swipe,129.89,128.80,219.52,107.09,363.15,72.30,S,T
14:29:49.731,21,tickets are very expensive,swipe,337.86,181.31,273.44,149.10,123.19,73.98,V,W
14:29:52.066,21,tickets are very expensive,tap,174.00,37.07,,,,,E,
14:29:52.216,21,tickets are very expensive,tap,178.91,172.21,,,,,X,
14:29:52.416,21,tickets are very expensive,tap,769.19,20.26,,,,,P,
14:29:52.608,21,tickets are very expensive,tap,174.00,41.27,,,,,E,
14:29:53.250,21,tickets are very expensive,tap,502.41,192.52,,,,,N,
14:29:53.733,21,tickets are very expensive,swipe,143.89,107.09,211.12,83.28,370.13,26.97,S,T
14:29:54.817,21,tickets are very expensive,swipe,313.35,189.02,269.23,137.20,157.77,6.27,V,W
14:29:57.902,22,frequently asked questions,tap,300.04,115.49,,,,,F,
14:29:58.286,22,frequently asked questions,tap,270.63,41.97,,,,,R,
14:29:58.677,22,frequently asked questions,tap,215.32,42.67,,,,,E,
14:29:59.111,22,frequently asked questions,tap,42.36,62.28,,,,,Q,
14:29:59.294,22,frequently asked questions,tap,541.62,62.98,,,,,U,
14:29:59.586,22,frequently asked questions,tap,195.71,48.27,,,,,E,
14:29:59.703,22,frequently asked questions,tap,478.60,189.72,,,,,N,
14:29:59.920,22,frequently asked questions,tap,333.65,41.97,,,,,T,
14:30:00.912,22,frequently asked questions,swipe,708.97,113.39,641.75,90.28,482.01,35.37,L,U
14:30:02.246,22,frequently asked questions,tap,71.77,126.00,,,,,A,
14:30:02.488,22,frequently asked questions,tap,152.30,111.29,,,,,S,
14:30:02.646,22,frequently asked questions,tap,626.35,107.09,,,,,K,
14:30:03.347,22,frequently asked questions,swipe,197.81,42.67,213.22,86.08,267.83,240.00,E, 
14:30:05.564,22,frequently asked questions,tap,59.17,118.29,,,,,A,
14:30:05.840,22,frequently asked questions,tap,112.39,102.89,,,,,S,
14:30:05.923,22,frequently asked questions,tap,629.15,114.79,,,,,K,
14:30:06.448,22,frequently asked questions,swipe,184.51,30.77,195.01,67.18,244.86,240.00,E, 
14:30:08.449,22,frequently asked questions,swipe,43.06,103.59,71.77,97.99,278.62,57.63,A,R
14:30:08.800,22,frequently asked questions,tap,119.39,104.99,,,,,S,
14:30:08.950,22,frequently asked questions,tap,633.35,114.79,,,,,K,
14:30:09.175,22,frequently asked questions,tap,195.71,60.88,,,,,E,
14:30:09.308,22,frequently asked questions,swipe,200.61,78.38,206.21,115.49,225.01,240.00,E, 
14:30:11.151,22,frequently asked questions,tap,52.87,104.29,,,,,A,
14:30:12.044,22,frequently asked questions,tap,142.49,101.49,,,,,S,
14:30:12.168,22,frequently asked questions,tap,629.15,107.79,,,,,K,
14:30:12.785,22,frequently asked questions,swipe,181.01,30.77,192.21,56.67,271.49,240.00,E, 
14:30:14.019,22,frequently asked questions,tap,47.96,107.79,,,,,A,
14:30:14.294,22,frequently asked questions,tap,106.08,89.58,,,,,S,
14:30:14.595,22,frequently asked questions,tap,615.14,125.30,,,,,K,
14:30:14.761,22,frequently asked questions,tap,189.41,37.77,,,,,E,
14:30:15.020,22,frequently asked questions,tap,204.11,93.09,,,,,D,
14:30:16.004,22,frequently asked questions,tap,2.45,34.97,,,,,Q,
14:30:16.304,22,frequently asked questions,tap,533.92,43.37,,,,,U,
14:30:16.429,22,frequently asked questions,tap,180.31,38.47,,,,,E,
14:30:16.746,22,frequently asked questions,tap,157.20,105.69,,,,,S,
14:30:18.630,22,frequently asked questions,swipe,332.95,58.07,362.36,47.57,495.56,0.00,T,U
14:30:19.964,22,frequently asked questions,tap,678.16,27.96,,,,,O,
14:30:20.181,22,frequently asked questions,tap,500.31,169.41,,,,,N,
14:30:20.439,22,frequently asked questions,tap,150.20,106.39,,,,,S,
14:30:23.441,23,sad to hear that news,tap,140.39,94.49,,,,,S,
14:30:23.691,23,sad to hear that news,tap,56.37,110.59,,,,,A,
14:30:23.966,23,sad to hear that news,tap,233.52,107.09,,,,,D,
14:30:24.842,23,sad to hear that news,tap,323.85,49.67,,,,,T,
14:30:26.201,23,sad to hear that news,tap,623.54,52.47,,,,,I,
14:30:27.243,23,sad to hear that news,tap,687.26,41.97,,,,,O,
14:30:28.994,23,sad to hear that news,tap,472.30,117.59,,,,,H,
14:30:29.111,23,sad to hear that news,tap,172.60,47.57,,,,,E,
14:30:29.503,23,sad to hear that news,swipe,85.08,114.09,118.69,104.99,316.73,51.35,A,R
14:30:31.421,23,sad to hear that news,tap,484.20,138.60,,,,,H,
14:30:31.712,23,sad to hear that news,tap,185.21,43.37,,,,,E,
14:30:32.104,23,sad to hear that news,swipe,64.07,104.29,109.58,99.39,302.69,78.59,A,R
14:30:34.189,23,sad to hear that news,tap,455.49,117.59,,,,,H,
14:30:34.264,23,sad to hear that news,tap,185.21,38.47,,,,,E,
14:30:34.898,23,sad to hear that news,swipe,43.06,115.49,106.08,84.68,258.68,10.08,A,R
14:30:36.815,23,sad to hear that news,tap,311.95,44.07,,,,,R,
14:30:36.899,23,sad to hear that news,tap,444.99,118.29,,,,,H,
14:30:37.099,23,sad to hear that news,tap,73.87,129.50,,,,,A,
14:30:37.216,23,sad to hear that news,tap,309.15,48.27,,,,,R,
14:30:39.308,23,sad to hear that news,tap,339.26,46.17,,,,,T,
14:30:39.383,23,sad to hear that news,tap,447.09,115.49,,,,,H,
14:30:39.600,23,sad to hear that news,tap,70.37,112.69,,,,,A,
14:30:39.750,23,sad to hear that news,tap,313.35,41.27,,,,,R,
14:30:40.784,23,sad to hear that news,tap,337.86,49.67,,,,,T,
14:30:42.510,23,sad to hear that news,tap,333.65,42.67,,,,,T,
14:30:42.977,23,sad to hear that news,tap,473.70,189.02,,,,,N,
14:30:43.044,23,sad to hear that news,tap,172.60,48.27,,,,,E,
14:30:44.670,23,sad to hear that news,tap,466.70,112.69,,,,,H,
14:30:45.145,23,sad to hear that news,swipe,69.67,114.79,131.99,92.39,295.52,33.59,A,R
14:30:47.530,23,sad to hear that news,tap,310.55,45.47,,,,,R,
14:30:47.638,23,sad to hear that news,tap,449.19,116.19,,,,,H,
14:30:49.039,23,sad to hear that news,tap,330.85,40.57,,,,,T,
14:30:49.139,23,sad to hear that news,tap,456.89,117.59,,,,,H,
14:30:49.614,23,sad to hear that news,swipe,28.36,119.69,80.18,88.88,229.66,0.00,A,E
14:30:52.066,23,sad to hear that news,tap,490.50,183.41,,,,,N,
14:30:52.207,23,sad to hear that news,tap,189.41,36.37,,,,,E,
14:30:52.658,23,sad to hear that news,swipe,110.28,24.46,129.19,72.78,194.62,240.00,W, 
14:30:57.560,24,the power of denial,tap,340.66,42.67,,,,,T,
14:30:57.652,24,the power of denial,tap,468.10,114.79,,,,,H,
14:30:57.777,24,the power of denial,tap,221.62,47.57,,,,,E,
14:30:58.561,24,the power of denial,tap,734.88,30.77,,,,,P,
14:30:58.611,24,the power of denial,tap,654.35,48.27,,,,,O,
14:30:58.986,24,the power of denial,tap,91.38,58.07,,,,,W,
14:30:59.320,24,the power of denial,tap,154.40,55.27,,,,,W,
14:30:59.486,24,the power of denial,tap,230.02,38.47,,,,,E,
14:31:00.779,24,the power of denial,tap,191.51,46.87,,,,,E,
14:31:00.845,24,the power of denial,tap,277.64,30.77,,,,,R,
14:31:01.980,24,the power of denial,tap,730.68,30.77,,,,,P,
14:31:02.079,24,the power of denial,tap,659.96,48.97,,,,,O,
14:31:02.238,24,the power of denial,tap,117.29,53.17,,,,,W,
14:31:02.413,24,the power of denial,tap,192.91,41.27,,,,,E,
14:31:03.789,24,the power of denial,tap,342.06,61.58,,,,,T,
14:31:03.906,24,the power of denial,tap,468.80,126.00,,,,,H,
14:31:04.589,24,the power of denial,tap,154.40,65.08,,,,,W,
14:31:06.382,24,the power of denial,tap,176.11,32.17,,,,,E,
14:31:06.966,24,the power of denial,swipe,751.68,30.77,708.97,31.47,511.72,34.70,P,U
14:31:08.050,24,the power of denial,swipe,122.19,35.67,174.00,36.37,362.17,38.91,W,T
14:31:08.592,24,the power of denial,tap,272.74,44.07,,,,,R,
14:31:11.043,24,the power of denial,tap,739.78,33.57,,,,,P,
14:31:11.235,24,the power of denial,tap,698.47,34.27,,,,,O,
14:31:11.443,24,the power of denial,tap,127.09,35.67,,,,,W,
14:31:11.468,24,the power of denial,tap,204.81,31.47,,,,,E,
14:31:11.660,24,the power of denial,tap,267.83,35.67,,,,,R,
14:31:12.402,24,the power of denial,tap,676.06,35.67,,,,,O,
14:31:13.086,24,the power of denial,tap,206.21,124.60,,,,,D,
14:31:14.186,24,the power of denial,tap,283.94,117.59,,,,,F,
14:31:15.070,24,the power of denial,tap,231.42,107.09,,,,,D,
14:31:15.612,24,the power of denial,tap,181.71,31.47,,,,,E,
14:31:16.021,24,the power of denial,swipe,484.20,197.42,517.11,149.10,618.67,0.00,N,I
14:31:16.613,24,the power of denial,tap,52.17,124.60,,,,,A,
14:31:16.754,24,the power of denial,tap,669.06,103.59,,,,,L,
14:31:18.822,24,the power of denial,swipe,204.81,121.79,185.91,55.97,169.83,0.00,D,E
14:31:19.698,24,the power of denial,swipe,498.21,197.42,527.61,144.90,608.76,0.00,N,I
14:31:20.240,24,the power of denial,tap,73.17,130.20,,,,,A,
14:31:20.532,24,the power of denial,tap,713.87,107.09,,,,,L,
14:31:23.550,25,protect your environment,tap,745.38,37.07,,,,,P,
14:31:23.675,25,protect your environment,tap,265.73,52.47,,,,,R,
14:31:23.984,25,protect your environment,tap,314.75,58.07,,,,,R,
14:31:24.192,25,protect your environment,tap,195.71,39.17,,,,,E,
14:31:25.518,25,protect your environment,tap,709.67,37.07,,,,,O,
14:31:25.635,25,protect your environment,tap,273.44,47.57,,,,,R,
14:31:25.935,25,protect your environment,tap,332.95,50.37,,,,,T,
14:31:27.060,25,protect your environment,tap,746.78,35.67,,,,,P,
14:31:27.185,25,protect your environment,tap,272.74,32.87,,,,,R,
14:31:27.511,25,protect your environment,tap,326.65,45.47,,,,,T,
14:31:29.178,25,protect your environment,tap,760.09,32.87,,,,,P,
14:31:29.604,25,protect your environment,tap,256.63,32.17,,,,,R,
14:31:29.904,25,protect your environment,tap,676.06,46.17,,,,,O,
14:31:30.454,25,protect your environment,tap,337.16,44.77,,,,,T,
14:31:31.188,25,protect your environment,tap,209.72,34.27,,,,,E,
14:31:32.038,25,protect your environment,swipe,239.82,211.42,246.83,196.02,335.93,0.00,C,T
14:31:34.840,25,protect your environment,tap,467.40,54.57,,,,,Y,
14:31:35.098,25,protect your environment,tap,670.46,54.57,,,,,O,
14:31:35.373,25,protect your environment,tap,512.21,50.37,,,,,U,
14:31:35.476,25,protect your environment,tap,277.64,48.97,,,,,R,
14:31:36.782,25,protect your environment,tap,193.61,47.57,,,,,E,
14:31:36.891,25,protect your environment,tap,507.31,199.52,,,,,N,
14:31:37.358,25,protect your environment,tap,322.45,182.71,,,,,V,
14:31:37.442,25,protect your environment,tap,596.94,48.27,,,,,I,
14:31:37.875,25,protect your environment,tap,267.83,52.47,,,,,R,
14:31:37.975,25,protect your environment,tap,675.36,40.57,,,,,O,
14:31:38.692,25,protect your environment,tap,505.21,188.32,,,,,N,
14:31:39.651,25,protect your environment,swipe,580.83,197.42,524.81,191.12,342.34,170.59,M,V
14:31:40.443,25,protect your environment,swipe,517.81,204.42,470.90,165.91,332.31,52.14,N,T
14:31:43.336,26,the capital of our nation,tap,340.66,57.37,,,,,T,
14:31:43.403,26,the capital of our nation,tap,463.89,124.60,,,,,H,
14:31:43.528,26,the capital of our nation,tap,211.12,40.57,,,,,E,
14:31:44.062,26,the capital of our nation,tap,242.63,170.81,,,,,C,
14:31:44.312,26,the capital of our nation,tap,68.27,118.29,,,,,A,
14:31:44.520,26,the capital of our nation,tap,734.88,40.57,,,,,P,
14:31:44.637,26,the capital of our nation,tap,596.24,52.47,,,,,I,
14:31:44.712,26,the capital of our nation,tap,323.85,69.28,,,,,T,
14:31:44.912,26,the capital of our nation,tap,78.77,129.50,,,,,A,
14:31:45.029,26,the capital of our nation,tap,639.65,102.19,,,,,K,
14:31:46.238,26,the capital of our nation,tap,673.26,97.99,,,,,L,
14:31:46.638,26,the capital of our nation,tap,659.26,41.27,,,,,O,
14:31:47.388,26,the capital of our nation,tap,230.02,181.31,,,,,C,
14:31:47.989,26,the capital of our nation,tap,234.92,184.81,,,,,C,
14:31:48.239,26,the capital of our nation,tap,62.67,133.70,,,,,A,
14:31:48.281,26,the capital of our nation,tap,708.27,51.77,,,,,O,
14:31:49.331,26,the capital of our nation,tap,719.47,47.57,,,,,O,
14:31:49.540,26,the capital of our nation,tap,572.43,50.37,,,,,I,
14:31:49.690,26,the capital of our nation,tap,316.85,62.28,,,,,R,
14:31:50.465,26,the capital of our nation,tap,237.02,172.91,,,,,C,
14:31:50.666,26,the capital of our nation,tap,52.87,123.89,,,,,A,
14:31:51.866,26,the capital of our nation,tap,328.75,60.18,,,,,T,
14:31:51.991,26,the capital of our nation,tap,461.79,121.79,,,,,H,
14:31:52.341,26,the capital of our nation,tap,251.73,180.61,,,,,C,
14:31:53.517,26,the capital of our nation,tap,193.61,42.67,,,,,E,
14:31:54.101,26,the capital of our nation,tap,262.23,173.61,,,,,C,
14:31:54.326,26,the capital of our nation,tap,78.77,106.39,,,,,A,
14:31:54.559,26,the capital of our nation,tap,759.39,36.37,,,,,P,
14:31:54.901,26,the capital of our nation,tap,592.04,34.27,,,,,I,
14:31:55.060,26,the capital of our nation,tap,325.25,53.87,,,,,T,
14:31:55.235,26,the capital of our nation,tap,72.47,97.99,,,,,A,
14:31:55.360,26,the capital of our nation,tap,676.76,100.79,,,,,L,
14:31:55.810,26,the capital of our nation,tap,664.86,30.07,,,,,O,
14:31:55.918,26,the capital of our nation,tap,253.13,114.09,,,,,D,
14:31:57.511,26,the capital of our nation,tap,678.86,27.96,,,,,O,
14:31:57.953,26,the capital of our nation,tap,659.26,27.26,,,,,O,
14:31:58.061,26,the capital of our nation,tap,514.31,56.67,,,,,U,
14:31:59.354,26,the capital of our nation,tap,273.44,102.19,,,,,F,
14:32:00.396,26,the capital of our nation,tap,276.24,98.69,,,,,F,
14:32:00.754,26,the capital of our nation,tap,659.26,22.36,,,,,O,
14:32:00.880,26,the capital of our nation,tap,522.01,47.57,,,,,U,
14:32:00.988,26,the capital of our nation,tap,250.33,57.37,,,,,R,
14:32:02.080,26,the capital of our nation,tap,493.30,186.21,,,,,N,
14:32:02.439,26,the capital of our nation,tap,68.97,118.29,,,,,A,
14:32:03.664,26,the capital of our nation,swipe,330.85,48.97,388.97,55.27,569.45,74.84,T,I
14:32:04.181,26,the capital of our nation,swipe,658.56,34.27,603.24,74.18,463.93,174.69,O,N
14:32:06.266,26,the capital of our nation,tap,497.51,179.21,,,,,N,
14:32:06.383,26,the capital of our nation,tap,53.57,109.19,,,,,A,
14:32:06.699,26,the capital of our nation,tap,344.16,47.57,,,,,T,
14:32:06.816,26,the capital of our nation,tap,584.33,58.07,,,,,I,
14:32:08.334,26,the capital of our nation,tap,471.60,189.02,,,,,N,
14:32:09.343,26,the capital of our nation,swipe,362.36,44.07,386.87,40.57,599.95,10.13,T,I
14:32:10.152,26,the capital of our nation,swipe,648.75,35.67,595.54,83.98,471.06,196.99,O,N
14:32:12.169,26,the capital of our nation,tap,485.60,194.62,,,,,N,
14:32:12.328,26,the capital of our nation,tap,68.27,111.99,,,,,A,
14:32:13.228,26,the capital of our nation,swipe,340.66,32.87,400.88,34.97,580.51,41.23,T,I
14:32:13.979,26,the capital of our nation,swipe,676.76,23.76,609.54,81.88,495.21,180.73,O,N
14:32:15.946,26,the capital of our nation,tap,495.40,193.92,,,,,N,
14:32:16.097,26,the capital of our nation,tap,50.07,112.69,,,,,A,
14:32:17.205,26,the capital of our nation,swipe,338.56,34.97,374.97,35.67,578.51,39.58,T,I
14:32:17.973,26,the capital of our nation,swipe,681.66,28.67,629.85,68.58,491.53,175.12,O,N
14:32:23.734,27,he called seven times,tap,464.60,125.30,,,,,H,
14:32:25.510,27,he called seven times,tap,181.01,59.47,,,,,E,
14:32:25.927,27,he called seven times,tap,241.23,168.71,,,,,C,
14:32:26.194,27,he called seven times,tap,62.67,109.19,,,,,A,
14:32:26.961,27,he called seven times,tap,687.96,103.59,,,,,L,
14:32:27.119,27,he called seven times,tap,689.37,98.69,,,,,L,
14:32:27.661,27,he called seven times,tap,183.11,53.87,,,,,E,
14:32:29.362,27,he called seven times,tap,255.23,166.61,,,,,C,
14:32:29.579,27,he called seven times,tap,63.37,111.99,,,,,A,
14:32:30.155,27,he called seven times,tap,713.17,104.29,,,,,L,
14:32:30.521,27,he called seven times,tap,177.51,40.57,,,,,E,
14:32:31.914,27,he called seven times,tap,239.82,172.21,,,,,C,
14:32:32.114,27,he called seven times,tap,62.67,126.00,,,,,A,
14:32:32.231,27,he called seven times,tap,690.77,111.99,,,,,L,
14:32:32.372,27,he called seven times,tap,688.67,110.59,,,,,L,
14:32:32.873,27,he called seven times,swipe,186.61,37.07,191.51,66.48,220.43,240.00,E, 
14:32:34.724,27,he called seven times,swipe,126.39,117.59,162.10,89.58,276.32,0.00,S,R
14:32:35.357,27,he called seven times,swipe,303.54,189.02,264.33,127.40,183.26,0.00,V,E
14:32:36.608,27,he called seven times,tap,515.71,201.62,,,,,N,
14:32:37.926,27,he called seven times,tap,346.96,55.97,,,,,T,
14:32:38.267,27,he called seven times,tap,594.84,51.07,,,,,I,
14:32:39.101,27,he called seven times,swipe,573.13,193.22,508.71,173.61,343.53,123.34,M,G
14:32:40.669,27,he called seven times,tap,335.75,39.17,,,,,T,
14:32:41.678,27,he called seven times,tap,612.34,39.17,,,,,I,
14:32:41.836,27,he called seven times,tap,585.73,199.52,,,,,M,
14:32:42.228,27,he called seven times,tap,157.90,48.27,,,,,W,
14:32:43.537,27,he called seven times,swipe,200.61,37.07,174.70,53.87,0.00,167.19,E,
14:32:44.563,27,he called seven times,tap,335.75,41.27,,,,,T,
14:32:44.646,27,he called seven times,tap,604.64,49.67,,,,,I,
14:32:46.764,27,he called seven times,tap,325.95,44.07,,,,,T,
14:32:47.122,27,he called seven times,tap,596.24,42.67,,,,,I,
14:32:48.315,27,he called seven times,tap,576.63,199.52,,,,,M,
14:32:48.740,27,he called seven times,swipe,187.31,30.77,158.60,51.77,0.00,167.82,E,
14:32:50.933,27,he called seven times,tap,336.46,42.67,,,,,T,
14:32:50.991,27,he called seven times,tap,607.44,40.57,,,,,I,
14:32:51.200,27,he called seven times,tap,555.62,164.51,,,,,M,
14:32:51.525,27,he called seven times,tap,137.59,104.99,,,,,S,
14:32:52.709,27,he called seven times,swipe,189.41,40.57,175.40,59.47,46.55,233.42,E,
14:32:54.085,27,he called seven times,swipe,321.75,34.27,339.96,37.77,557.43,79.59,T,U
14:32:54.843,27,he called seven times,swipe,566.13,207.92,523.41,185.51,353.60,96.43,M,G
14:32:55.294,27,he called seven times,swipe,185.21,37.07,156.50,66.48,17.56,208.81,E,
14:32:55.586,27,he called seven times,tap,130.59,102.19,,,,,S,
14:32:59.062,27,he called seven times,tap,344.16,51.07,,,,,T,
14:32:59.104,27,he called seven times,tap,597.64,48.27,,,,,I,
14:32:59.663,27,he called seven times,swipe,578.03,205.82,514.31,180.61,354.86,117.53,M,G
14:33:00.922,27,he called seven times,tap,133.39,81.18,,,,,S,
14:33:03.582,28,stability of the nation,tap,154.40,116.89,,,,,S,
14:33:03.782,28,stability of the nation,tap,349.06,58.07,,,,,T,
14:33:04.024,28,stability of the nation,tap,68.97,121.79,,,,,A,
14:33:04.249,28,stability of the nation,tap,426.78,200.92,,,,,B,
14:33:04.874,28,stability of the nation,tap,593.44,55.97,,,,,I,
14:33:05.174,28,stability of the nation,tap,697.77,94.49,,,,,L,
14:33:05.991,28,stability of the nation,tap,604.64,47.57,,,,,I,
14:33:07.100,28,stability of the nation,swipe,334.35,58.77,363.76,48.97,510.68,0.00,T,U
14:33:09.227,28,stability of the nation,tap,683.76,42.67,,,,,O,
14:33:10.427,28,stability of the nation,tap,300.04,114.79,,,,,F,
14:33:11.761,28,stability of the nation,swipe,334.35,40.57,380.57,61.58,552.84,139.88,T,J
14:33:12.287,28,stability of the nation,tap,169.10,34.97,,,,,E,
14:33:13.362,28,stability of the nation,tap,482.10,191.12,,,,,N,
14:33:13.512,28,stability of the nation,tap,69.67,117.59,,,,,A,
14:33:14.196,28,stability of the nation,swipe,342.06,53.17,395.97,51.07,581.87,43.83,T,I
14:33:14.596,28,stability of the nation,swipe,669.76,34.97,614.44,80.48,484.43,187.45,O,N
14:33:26.036,29,please follow the guidelines,swipe,762.19,25.86,729.28,60.18,596.05,199.07,P,M
14:33:27.779,29,please follow the guidelines,tap,187.31,36.37,,,,,E,
14:33:28.029,29,please follow the guidelines,tap,24.86,115.49,,,,,A,
14:33:28.246,29,please follow the guidelines,tap,128.49,127.40,,,,,S,
14:33:28.421,29,please follow the guidelines,tap,171.20,55.27,,,,,E,
14:33:30.880,29,please follow the guidelines,swipe,771.29,32.87,719.47,79.08,592.18,192.61,P,M
14:33:32.014,29,please follow the guidelines,tap,188.01,44.07,,,,,E,
14:33:32.281,29,please follow the guidelines,tap,46.56,107.79,,,,,A,
14:33:32.665,29,please follow the guidelines,swipe,136.19,127.40,189.41,60.18,237.05,0.00,S,E
14:33:34.974,29,please follow the guidelines,tap,323.85,61.58,,,,,T,
14:33:35.075,29,please follow the guidelines,tap,458.29,118.99,,,,,H,
14:33:35.200,29,please follow the guidelines,tap,209.02,46.87,,,,,E,
14:33:39.094,29,please follow the guidelines,tap,280.44,113.39,,,,,F,
14:33:39.219,29,please follow the guidelines,tap,702.67,48.97,,,,,O,
14:33:40.186,29,please follow the guidelines,tap,692.17,115.49,,,,,L,
14:33:40.327,29,please follow the guidelines,tap,687.96,113.39,,,,,L,
14:33:41.003,29,please follow the guidelines,tap,704.07,40.57,,,,,O,
14:33:41.228,29,please follow the guidelines,tap,114.49,45.47,,,,,W,
14:33:44.005,29,please follow the guidelines,tap,276.24,119.69,,,,,F,
14:33:44.355,29,please follow the guidelines,tap,680.96,111.99,,,,,L,
14:33:44.497,29,please follow the guidelines,tap,681.66,114.79,,,,,L,
14:33:46.231,29,please follow the guidelines,tap,279.04,104.29,,,,,F,
14:33:46.264,29,please follow the guidelines,tap,676.76,33.57,,,,,O,
14:33:46.756,29,please follow the guidelines,tap,684.46,107.79,,,,,L,
14:33:46.948,29,please follow the guidelines,tap,684.46,112.69,,,,,L,
14:33:47.215,29,please follow the guidelines,tap,690.77,51.07,,,,,O,
14:33:48.599,29,please follow the guidelines,tap,135.49,52.47,,,,,W,
14:33:49.975,29,please follow the guidelines,swipe,323.85,47.57,391.77,75.58,545.73,139.07,T,J
14:33:50.341,29,please follow the guidelines,tap,216.02,32.17,,,,,E,
14:33:51.509,29,please follow the guidelines,tap,374.97,111.99,,,,,G,
14:33:51.609,29,please follow the guidelines,tap,535.32,48.27,,,,,U,
14:33:51.776,29,please follow the guidelines,tap,566.83,47.57,,,,,I,
14:33:52.093,29,please follow the guidelines,tap,216.72,126.70,,,,,D,
14:33:53.252,29,please follow the guidelines,tap,202.01,55.27,,,,,E,
14:33:53.702,29,please follow the guidelines,swipe,690.77,119.69,655.75,76.28,594.24,0.00,L,I
14:33:54.502,29,please follow the guidelines,swipe,503.81,190.42,463.89,175.01,279.91,104.00,N,F
14:33:54.919,29,please follow the guidelines,tap,146.00,101.49,,,,,S,
